"Id","IsDeleted","Name","CreatedDate","CreatedById","LastModifiedDate","LastModifiedById","SystemModstamp","LastActivityDate","LLC_BI__DocType__c","LLC_BI__Description__c","LLC_BI__DocOwner__c","LLC_BI__docManager__c","LLC_BI__lookupId__c","LLC_BI__lookupKey__c","NDOC__Industry__c","AutorabitExtId__c"
"a0E0U000006uesFUAQ","","Identity Card","2022-05-03T11:04:54.000Z","0053g000000ln7zAAA","2022-10-12T19:40:30.000Z","0053g000000ln7zAAA","","","a0K3g000001QHZEEA4","","","a0I3g000000ThxeEAC","","42423887407430086","",""
"a0E3g000000PN9yEAG","","Privacy Policy","2020-10-12T19:27:33.000Z","0053g000000ln7zAAA","2022-11-01T07:48:51.000Z","0053g000000ln7zAAA","","","a0K3g000001QHZ1EAO","","","a0I3g000000ThxhEAC","","42535641854921581","",""
"a0E3g000000PN9zEAG","","Privacy Policy","2020-10-12T19:27:33.000Z","0053g000000ln7zAAA","2022-11-01T07:48:51.000Z","0053g000000ln7zAAA","","","a0K3g000001QHZ2EAO","","","a0I3g000000ThxjEAC","","42470159195285826","",""
"a0E3g000000PNA0EAO","","Generated Forms","2020-10-12T19:27:33.000Z","0053g000000ln7zAAA","2022-11-01T07:48:51.000Z","0053g000000ln7zAAA","","","a0K3g000001QHYzEAO","","","a0I3g000000ThxjEAC","","42015763699135987","",""
"a0E3g000000PNA1EAO","","Deal Credit Memo","2020-10-12T19:27:33.000Z","0053g000000ln7zAAA","2022-11-01T07:48:51.000Z","0053g000000ln7zAAA","","","a0K3g000001QHZ0EAO","","","a0I3g000000ThxgEAC","","42553710767509019","",""
"a0E3g000000PNA2EAO","","Deal Annual Review","2020-10-12T19:27:33.000Z","0053g000000ln7zAAA","2022-11-01T07:48:51.000Z","0053g000000ln7zAAA","","","a0K3g000001QHZ0EAO","","","a0I3g000000ThxgEAC","","42969860976361904","",""
"a0E3g000000PNA3EAO","","Consumer Loan Application","2020-10-12T19:27:33.000Z","0053g000000ln7zAAA","2022-11-01T07:48:51.000Z","0053g000000ln7zAAA","","","a0K3g000001QHZ3EAO","","","a0I3g000000ThxjEAC","","42080009992909055","",""
"a0E3g000000PNA4EAO","","Notice of Potential Disclosure of Negative Information","2020-10-12T19:27:33.000Z","0053g000000ln7zAAA","2022-11-01T07:48:51.000Z","0053g000000ln7zAAA","","","a0K3g000001QHZ3EAO","","","a0I3g000000ThxjEAC","","42201661170163063","",""
"a0E3g000000PNA5EAO","","Consumer Loan Agreement","2020-10-12T19:27:33.000Z","0053g000000ln7zAAA","2022-11-01T07:48:51.000Z","0053g000000ln7zAAA","","","a0K3g000001QHZ3EAO","","","a0I3g000000ThxjEAC","","42088425742488890","",""
"a0E3g000000PNA6EAO","","Request for TIN and Certification W9","2020-10-12T19:27:33.000Z","0053g000000ln7zAAA","2022-11-01T07:48:51.000Z","0053g000000ln7zAAA","","","a0K3g000001QHZ3EAO","","","a0I3g000000ThxjEAC","","42640081214091000","",""
"a0E3g000000PNA7EAO","","Loan Summary","2020-10-12T19:27:33.000Z","0053g000000ln7zAAA","2022-11-01T07:48:51.000Z","0053g000000ln7zAAA","","","a0K3g000001QHZ3EAO","","","a0I3g000000ThxjEAC","","42776445812810229","",""
"a0E3g000000PNA8EAO","","FACT Act Notice","2020-10-12T19:27:33.000Z","0053g000000ln7zAAA","2022-11-01T07:48:51.000Z","0053g000000ln7zAAA","","","a0K3g000001QHZ3EAO","","","a0I3g000000ThxjEAC","","42009584616314448","",""
"a0E3g000000PNA9EAO","","Credit Score Summary","2020-10-12T19:27:33.000Z","0053g000000ln7zAAA","2022-11-01T07:48:51.000Z","0053g000000ln7zAAA","","","a0K3g000001QHZ3EAO","","","a0I3g000000ThxjEAC","","42527715385671684","",""
"a0E3g000000PNAAEA4","","Annual Review - 2018","2020-10-12T19:27:33.000Z","0053g000000ln7zAAA","2022-11-01T07:48:51.000Z","0053g000000ln7zAAA","","","a0K3g000001QHZ4EAO","","","a0I3g000000ThxeEAC","","42015642303576384","","a0E3g000000PNAAEA4"
"a0E3g000000PNABEA4","","Annual Review - 2019","2020-10-12T19:27:33.000Z","0053g000000ln7zAAA","2022-11-01T07:48:51.000Z","0053g000000ln7zAAA","","","a0K3g000001QHZ4EAO","","","a0I3g000000ThxeEAC","","42602133351744042","","a0E3g000000PNABEA4"
"a0E3g000000PNACEA4","","Certification of Financials","2020-10-12T19:27:33.000Z","0053g000000ln7zAAA","2022-11-01T07:48:51.000Z","0053g000000ln7zAAA","","","a0K3g000001QHZ4EAO","","","a0I3g000000ThxeEAC","","42077395534606588","","a0E3g000000PNACEA4"
"a0E3g000000PNADEA4","","Syndication Agreement","2020-10-12T19:27:33.000Z","0053g000000ln7zAAA","2022-11-01T07:48:51.000Z","0053g000000ln7zAAA","","","a0K3g000001QHZ4EAO","","","a0I3g000000ThxeEAC","","42152871562919184","","a0E3g000000PNADEA4"
"a0E3g000000PNAEEA4","","Updated Insurance","2020-10-12T19:27:33.000Z","0053g000000ln7zAAA","2022-11-01T07:48:51.000Z","0053g000000ln7zAAA","","","a0K3g000001QHZgEAO","","","a0I3g000000ThxiEAC","","42539151233861098","",""
"a0E3g000000PNAFEA4","","Collateral Valuation Request","2020-10-12T19:27:33.000Z","0053g000000ln7zAAA","2022-11-01T07:48:51.000Z","0053g000000ln7zAAA","","","a0K3g000001QHZgEAO","","","a0I3g000000ThxiEAC","","42512559094640860","",""
"a0E3g000000PNAGEA4","","Collateral Valuation Review","2020-10-12T19:27:33.000Z","0053g000000ln7zAAA","2022-11-01T07:48:51.000Z","0053g000000ln7zAAA","","","a0K3g000001QHZgEAO","","","a0I3g000000ThxiEAC","","42611230519799338","",""
"a0E3g000000PNAHEA4","","Deed Modification","2020-10-12T19:27:33.000Z","0053g000000ln7zAAA","2022-11-01T07:48:51.000Z","0053g000000ln7zAAA","","","a0K3g000001QHZgEAO","","","a0I3g000000ThxiEAC","","42296491153967115","",""
"a0E3g000000PNAIEA4","","Deed to Secure Debt","2020-10-12T19:27:33.000Z","0053g000000ln7zAAA","2022-11-01T07:48:51.000Z","0053g000000ln7zAAA","","","a0K3g000001QHZgEAO","","","a0I3g000000ThxiEAC","","42109719172607980","",""
"a0E3g000000PNAJEA4","","Photos","2020-10-12T19:27:33.000Z","0053g000000ln7zAAA","2022-11-01T07:48:51.000Z","0053g000000ln7zAAA","","","a0K3g000001QHZgEAO","","","a0I3g000000ThxiEAC","","42850437934405373","",""
"a0E3g000000PNAKEA4","","Plat/Survey","2020-10-12T19:27:33.000Z","0053g000000ln7zAAA","2022-11-01T07:48:51.000Z","0053g000000ln7zAAA","","","a0K3g000001QHZgEAO","","","a0I3g000000ThxiEAC","","42427300467797042","",""
"a0E3g000000PNALEA4","","Property Tax Information","2020-10-12T19:27:33.000Z","0053g000000ln7zAAA","2022-11-01T07:48:51.000Z","0053g000000ln7zAAA","","","a0K3g000001QHZgEAO","","","a0I3g000000ThxiEAC","","42435972644828388","",""
"a0E3g000000PNAMEA4","","Title Work - Final","2020-10-12T19:27:33.000Z","0053g000000ln7zAAA","2022-11-01T07:48:51.000Z","0053g000000ln7zAAA","","","a0K3g000001QHZgEAO","","","a0I3g000000ThxiEAC","","42977735267076689","",""
"a0E3g000000PNANEA4","","Loan Estimate","2020-10-12T19:27:33.000Z","0053g000000ln7zAAA","2022-11-01T07:48:51.000Z","0053g000000ln7zAAA","","","a0K3g000001QHZ5EAO","","","a0I3g000000ThxjEAC","","42029119651762928","",""
"a0E3g000000PNAOEA4","","Closing Disclosure","2020-10-12T19:27:33.000Z","0053g000000ln7zAAA","2022-11-01T07:48:51.000Z","0053g000000ln7zAAA","","","a0K3g000001QHZ5EAO","","","a0I3g000000ThxjEAC","","42808941053299058","",""
"a0E3g000000PNAPEA4","","Current Identification","2020-10-12T19:27:33.000Z","0053g000000ln7zAAA","2022-11-01T07:48:51.000Z","0053g000000ln7zAAA","","","a0K3g000001QHZMEA4","","","a0I3g000000ThxeEAC","","42910226825609472","","a0E3g000000PNAPEA4"
"a0E3g000000PNAQEA4","","Second Form of Identification if Required","2020-10-12T19:27:33.000Z","0053g000000ln7zAAA","2022-11-01T07:48:51.000Z","0053g000000ln7zAAA","","","a0K3g000001QHZEEA4","","","a0I3g000000ThxeEAC","","42184913776810935","","a0E3g000000PNAQEA4"
"a0E3g000000PNAREA4","","Annual Financial Report (CAFR)","2020-10-12T19:27:33.000Z","0053g000000ln7zAAA","2022-11-01T07:48:51.000Z","0053g000000ln7zAAA","","","a0K3g000001QHZ6EAO","","","a0I3g000000ThxeEAC","","42273733912390806","","a0E3g000000PNAREA4"
"a0E3g000000PNASEA4","","Current Year Budget","2020-10-12T19:27:33.000Z","0053g000000ln7zAAA","2022-11-01T07:48:51.000Z","0053g000000ln7zAAA","","","a0K3g000001QHZ6EAO","","","a0I3g000000ThxeEAC","","42862718480903126","","a0E3g000000PNASEA4"
"a0E3g000000PNATEA4","","Municipality Bond Rating Report","2020-10-12T19:27:33.000Z","0053g000000ln7zAAA","2022-11-01T07:48:51.000Z","0053g000000ln7zAAA","","","a0K3g000001QHZ6EAO","","","a0I3g000000ThxeEAC","","42274210900756435","","a0E3g000000PNATEA4"
"a0E3g000000PNAUEA4","","Purchase Order/Bill of Sale","2020-10-12T19:27:33.000Z","0053g000000ln7zAAA","2022-11-01T07:48:51.000Z","0053g000000ln7zAAA","","","a0K3g000001QHZ7EAO","","","a0I3g000000ThxjEAC","","42859530523614173","",""
"a0E3g000000PNAVEA4","","Delivery Acceptance Certificate","2020-10-12T19:27:33.000Z","0053g000000ln7zAAA","2022-11-01T07:48:51.000Z","0053g000000ln7zAAA","","","a0K3g000001QHZ7EAO","","","a0I3g000000ThxjEAC","","42602658898854491","",""
"a0E3g000000PNAWEA4","","Master Lease Agreement","2020-10-12T19:27:33.000Z","0053g000000ln7zAAA","2022-11-01T07:48:51.000Z","0053g000000ln7zAAA","","","a0K3g000001QHZ7EAO","","","a0I3g000000ThxjEAC","","42889326641876161","",""
"a0E3g000000PNAXEA4","","Terms and Conditions","2020-10-12T19:27:33.000Z","0053g000000ln7zAAA","2022-11-01T07:48:51.000Z","0053g000000ln7zAAA","","","a0K3g000001QHZ7EAO","","","a0I3g000000ThxjEAC","","42579329141079442","",""
"a0E3g000000PNAYEA4","","Lease Schedule","2020-10-12T19:27:33.000Z","0053g000000ln7zAAA","2022-11-01T07:48:51.000Z","0053g000000ln7zAAA","","","a0K3g000001QHZ7EAO","","","a0I3g000000ThxjEAC","","42493592651134399","",""
"a0E3g000000PNAZEA4","","Liability Insurance/Insurance Declaration","2020-10-12T19:27:33.000Z","0053g000000ln7zAAA","2022-11-01T07:48:51.000Z","0053g000000ln7zAAA","","","a0K3g000001QHZ7EAO","","","a0I3g000000ThxjEAC","","42084335644921487","",""
"a0E3g000000PNAaEAO","","Proposal Letter","2020-10-12T19:27:33.000Z","0053g000000ln7zAAA","2022-11-01T07:48:51.000Z","0053g000000ln7zAAA","","","a0K3g000001QHZZEA4","","","a0I3g000000ThxjEAC","","42397996982442217","",""
"a0E3g000000PNAbEAO","","Commitment Letter","2020-10-12T19:27:33.000Z","0053g000000ln7zAAA","2022-11-01T07:48:51.000Z","0053g000000ln7zAAA","","","a0K3g000001QHZZEA4","","","a0I3g000000ThxjEAC","","42115159457711198","",""
"a0E3g000000PNAcEAO","","Secretary of State Document","2020-10-12T19:27:33.000Z","0053g000000ln7zAAA","2022-11-01T07:48:51.000Z","0053g000000ln7zAAA","","","a0K3g000001QHZ7EAO","","","a0I3g000000ThxjEAC","","42775064752172002","",""
"a0E3g000000PNAdEAO","","Secondary Identification (if Required)","2020-10-12T19:27:33.000Z","0053g000000ln7zAAA","2022-11-01T07:48:51.000Z","0053g000000ln7zAAA","","","a0K3g000001QHZEEA4","","","a0I3g000000ThxeEAC","","42921385619094404","","a0E3g000000PNAdEAO"
"a0E3g000000PNAeEAO","","Estate Documentation","2020-10-12T19:27:33.000Z","0053g000000ln7zAAA","2022-11-01T07:48:51.000Z","0053g000000ln7zAAA","","","a0K3g000001QHZ8EAO","","","a0I3g000000ThxeEAC","","42706954911913519","","a0E3g000000PNAeEAO"
"a0E3g000000PNAfEAO","","Personal Tax Return","2020-10-12T19:27:33.000Z","0053g000000ln7zAAA","2022-11-01T07:48:51.000Z","0053g000000ln7zAAA","","","a0K3g000001QHZAEA4","","","a0I3g000000ThxeEAC","","42898211635721750","","a0E3g000000PNAfEAO"
"a0E3g000000PNAgEAO","","Personal Tax Return","2020-10-12T19:27:33.000Z","0053g000000ln7zAAA","2022-11-01T07:48:51.000Z","0053g000000ln7zAAA","","","a0K3g000001QHZAEA4","","","a0I3g000000ThxeEAC","","42411025160622275","","a0E3g000000PNAgEAO"
"a0E3g000000PNAhEAO","","Business Tax Return","2020-10-12T19:27:33.000Z","0053g000000ln7zAAA","2022-11-01T07:48:51.000Z","0053g000000ln7zAAA","","","a0K3g000001QHZAEA4","","","a0I3g000000ThxeEAC","","42947104390619200","","a0E3g000000PNAhEAO"
"a0E3g000000PNAiEAO","","Business Tax Return","2020-10-12T19:27:33.000Z","0053g000000ln7zAAA","2022-11-01T07:48:51.000Z","0053g000000ln7zAAA","","","a0K3g000001QHZAEA4","","","a0I3g000000ThxeEAC","","42589284014761776","","a0E3g000000PNAiEAO"
"a0E3g000000PNAjEAO","","Annual Review","2020-10-12T19:27:33.000Z","0053g000000ln7zAAA","2022-11-01T07:48:51.000Z","0053g000000ln7zAAA","","","a0K3g000001QHZ4EAO","","","a0I3g000000ThxeEAC","","42305051368188348","","a0E3g000000PNAjEAO"
"a0E3g000000PNAkEAO","","Annual Review","2020-10-12T19:27:33.000Z","0053g000000ln7zAAA","2022-11-01T07:48:51.000Z","0053g000000ln7zAAA","","","a0K3g000001QHZ4EAO","","","a0I3g000000ThxeEAC","","42239916397537829","","a0E3g000000PNAkEAO"
"a0E3g000000PNAlEAO","","Business Tax Return","2020-10-12T19:27:33.000Z","0053g000000ln7zAAA","2022-11-01T07:48:51.000Z","0053g000000ln7zAAA","","","a0K3g000001QHZAEA4","","","a0I3g000000ThxeEAC","","42024637572672464","","a0E3g000000PNAlEAO"
"a0E3g000000PNAmEAO","","Business Tax Return","2020-10-12T19:27:33.000Z","0053g000000ln7zAAA","2022-11-01T07:48:51.000Z","0053g000000ln7zAAA","","","a0K3g000001QHZAEA4","","","a0I3g000000ThxeEAC","","42477754949940166","","a0E3g000000PNAmEAO"
"a0E3g000000PNAnEAO","","Income Statement","2020-10-12T19:27:33.000Z","0053g000000ln7zAAA","2022-11-01T07:48:51.000Z","0053g000000ln7zAAA","","","a0K3g000001QHZAEA4","","","a0I3g000000ThxeEAC","","42395815291023754","","a0E3g000000PNAnEAO"
"a0E3g000000PNAoEAO","","Balance Sheet","2020-10-12T19:27:33.000Z","0053g000000ln7zAAA","2022-11-01T07:48:51.000Z","0053g000000ln7zAAA","","","a0K3g000001QHZAEA4","","","a0I3g000000ThxeEAC","","42237608096082470","","a0E3g000000PNAoEAO"
"a0E3g000000PNApEAO","","Business Plan (If Applicable)","2020-10-12T19:27:33.000Z","0053g000000ln7zAAA","2022-11-01T07:48:51.000Z","0053g000000ln7zAAA","","","a0K3g000001QHZAEA4","","","a0I3g000000ThxeEAC","","42985861928431076","","a0E3g000000PNApEAO"
"a0E3g000000PNAqEAO","","Automated Adverse Action","2020-10-12T19:27:33.000Z","0053g000000ln7zAAA","2022-11-01T07:48:51.000Z","0053g000000ln7zAAA","","","a0K3g000001QHZ2EAO","","","a0I3g000000ThxjEAC","","42149041841885907","",""
"a0E3g000000PNArEAO","","Bank Statement","2020-10-12T19:27:33.000Z","0053g000000ln7zAAA","2022-11-01T07:48:51.000Z","0053g000000ln7zAAA","","","a0K3g000001QHZ9EAO","","","a0I3g000000ThxjEAC","","42010328050804127","",""
"a0E3g000000PNAsEAO","","Property Offer Letter","2020-10-12T19:27:33.000Z","0053g000000ln7zAAA","2022-11-01T07:48:51.000Z","0053g000000ln7zAAA","","","a0K3g000001QHZ9EAO","","","a0I3g000000ThxjEAC","","42846694694569980","",""
"a0E3g000000PNAtEAO","","ID","2020-10-12T19:27:33.000Z","0053g000000ln7zAAA","2022-11-01T07:48:51.000Z","0053g000000ln7zAAA","","","a0K3g000001QHZ9EAO","","","a0I3g000000ThxjEAC","","42812707323396733","",""
"a0E3g000000PNAuEAO","","Payslip","2020-10-12T19:27:33.000Z","0053g000000ln7zAAA","2022-11-01T07:48:51.000Z","0053g000000ln7zAAA","","","a0K3g000001QHZ9EAO","","","a0I3g000000ThxjEAC","","42948053257517243","",""
"a0E3g000000PNAvEAO","","P60","2020-10-12T19:27:33.000Z","0053g000000ln7zAAA","2022-11-01T07:48:51.000Z","0053g000000ln7zAAA","","","a0K3g000001QHZ9EAO","","","a0I3g000000ThxjEAC","","42848765071399171","",""
"a0E3g000000PNAwEAO","","Address Verification","2020-10-12T19:27:33.000Z","0053g000000ln7zAAA","2022-11-01T07:48:51.000Z","0053g000000ln7zAAA","","","a0K3g000001QHZ9EAO","","","a0I3g000000ThxjEAC","","42856569978070029","",""
"a0E3g000000PNAxEAO","","Valuation Report","2020-10-12T19:27:33.000Z","0053g000000ln7zAAA","2022-11-01T07:48:51.000Z","0053g000000ln7zAAA","","","a0K3g000001QHZ9EAO","","","a0I3g000000ThxjEAC","","42050967991675094","",""
"a0E3g000000PNAyEAO","","Conveyancer Document","2020-10-12T19:27:33.000Z","0053g000000ln7zAAA","2022-11-01T07:48:51.000Z","0053g000000ln7zAAA","","","a0K3g000001QHZ9EAO","","","a0I3g000000ThxjEAC","","42088745368504745","",""
"a0E3g000000PNAzEAO","","Driver License","2020-10-12T19:27:33.000Z","0053g000000FhrcAAC","2022-11-01T07:48:51.000Z","0053g000000ln7zAAA","","","a0K3g000001QHZEEA4","","","a0I3g000000ThxeEAC","","42720504225368125","","a0E3g000000PNAzEAO"
"a0E3g000000PNB0EAO","","Passport","2020-10-12T19:27:33.000Z","0053g000000FhrcAAC","2022-11-01T07:48:51.000Z","0053g000000ln7zAAA","","","a0K3g000001QHZEEA4","","","a0I3g000000ThxeEAC","","42103502123676662","","a0E3g000000PNB0EAO"
"a0E3g000000PNB1EAO","","State Issue ID","2020-10-12T19:27:33.000Z","0053g000000FhrcAAC","2022-11-01T07:48:51.000Z","0053g000000ln7zAAA","","","a0K3g000001QHZEEA4","","","a0I3g000000ThxeEAC","","42141293367687678","","a0E3g000000PNB1EAO"
"a0E3g000000PNB2EAO","","Credit Application","2020-10-12T19:27:33.000Z","0053g000000FhreAAC","2022-11-01T07:48:51.000Z","0053g000000ln7zAAA","","","a0K3g000001QHZaEAO","","","a0I3g000000ThxjEAC","","42857557519424809","",""
"a0E3g000000PNB3EAO","","Income Verification","2020-10-12T19:27:33.000Z","0053g000000FhreAAC","2022-11-01T07:48:51.000Z","0053g000000ln7zAAA","","","a0K3g000001QHZaEAO","","","a0I3g000000ThxjEAC","","42327028202533831","",""
"a0E3g000000PNB4EAO","","Income Verification","2020-10-12T19:27:33.000Z","0053g000000FhreAAC","2022-11-01T07:48:51.000Z","0053g000000ln7zAAA","","","a0K3g000001QHZaEAO","","","a0I3g000000ThxjEAC","","42784639436758570","",""
"a0E3g000000PNB5EAO","","Credit Application","2020-10-12T19:27:33.000Z","0053g000000FhreAAC","2022-11-01T07:48:51.000Z","0053g000000ln7zAAA","","","a0K3g000001QHZaEAO","","","a0I3g000000ThxjEAC","","42764690682208029","",""
"a0E3g000000PNB6EAO","","Income Verification","2020-10-12T19:27:33.000Z","0053g000000FhreAAC","2022-11-01T07:48:51.000Z","0053g000000ln7zAAA","","","a0K3g000001QHZaEAO","","","a0I3g000000ThxjEAC","","42672754881925818","",""
"a0E3g000000PNB7EAO","","Credit Application","2020-10-12T19:27:33.000Z","0053g000000FhreAAC","2022-11-01T07:48:51.000Z","0053g000000ln7zAAA","","","a0K3g000001QHZaEAO","","","a0I3g000000ThxjEAC","","42379612191625252","",""
"a0E3g000000PNB8EAO","","Income Verification","2020-10-12T19:27:33.000Z","0053g000000FhreAAC","2022-11-01T07:48:51.000Z","0053g000000ln7zAAA","","","a0K3g000001QHZaEAO","","","a0I3g000000ThxjEAC","","42927089485046968","",""
"a0E3g000000PNB9EAO","","Credit Application","2020-10-12T19:27:33.000Z","0053g000000FhreAAC","2022-11-01T07:48:51.000Z","0053g000000ln7zAAA","","","a0K3g000001QHZaEAO","","","a0I3g000000ThxjEAC","","42180313649722908","",""
"a0E3g000000PNBAEA4","","Income Verification","2020-10-12T19:27:33.000Z","0053g000000FhreAAC","2022-11-01T07:48:51.000Z","0053g000000ln7zAAA","","","a0K3g000001QHZaEAO","","","a0I3g000000ThxjEAC","","42251589795088624","",""
"a0E3g000000PNBBEA4","","Credit Application","2020-10-12T19:27:33.000Z","0053g000000FhreAAC","2022-11-01T07:48:51.000Z","0053g000000ln7zAAA","","","a0K3g000001QHZaEAO","","","a0I3g000000ThxjEAC","","42695149449713793","",""
"a0E3g000000PNBCEA4","","Income Verification","2020-10-12T19:27:33.000Z","0053g000000FhreAAC","2022-11-01T07:48:51.000Z","0053g000000ln7zAAA","","","a0K3g000001QHZaEAO","","","a0I3g000000ThxjEAC","","42656614767707397","",""
"a0E3g000000PNBDEA4","","Credit Application","2020-10-12T19:27:33.000Z","0053g000000FhreAAC","2022-11-01T07:48:51.000Z","0053g000000ln7zAAA","","","a0K3g000001QHZaEAO","","","a0I3g000000ThxjEAC","","42301716208649773","",""
"a0E3g000000PNBEEA4","","Bill of Sale","2020-10-12T19:27:33.000Z","0053g000000FhreAAC","2022-11-01T07:48:51.000Z","0053g000000ln7zAAA","","","a0K3g000001QHZaEAO","","","a0I3g000000ThxjEAC","","42319261107812699","",""
"a0E3g000000PNBFEA4","","Proof of Insurance","2020-10-12T19:27:33.000Z","0053g000000FhreAAC","2022-11-01T07:48:51.000Z","0053g000000ln7zAAA","","","a0K3g000001QHZaEAO","","","a0I3g000000ThxjEAC","","42785202513255148","",""
"a0E3g000000PNBGEA4","","HUD-1","2020-10-12T19:27:33.000Z","0053g000000FhreAAC","2022-11-01T07:48:51.000Z","0053g000000ln7zAAA","","","a0K3g000001QHZiEAO","","","a0I3g000000ThxjEAC","","42657486709872700","",""
"a0E3g000000PNBHEA4","","Closing Disclosure","2020-10-12T19:27:33.000Z","0053g000000FhreAAC","2022-11-01T07:48:51.000Z","0053g000000ln7zAAA","","","a0K3g000001QHZiEAO","","","a0I3g000000ThxjEAC","","42362945498409746","",""
"a0E3g000000PNBIEA4","","Loan Estimate","2020-10-12T19:27:33.000Z","0053g000000FhreAAC","2022-11-01T07:48:51.000Z","0053g000000ln7zAAA","","","a0K3g000001QHZiEAO","","","a0I3g000000ThxjEAC","","42793085096953761","",""
"a0E3g000000PNBJEA4","","Consumer Loan Agreement","2020-10-12T19:27:33.000Z","0053g000000FhreAAC","2022-11-01T07:48:51.000Z","0053g000000ln7zAAA","","","a0K3g000001QHZ3EAO","","","a0I3g000000ThxjEAC","","42439410993177018","",""
"a0E3g000000PNBKEA4","","Authorization for Automatic Draft","2020-10-12T19:27:33.000Z","0053g000000FhreAAC","2022-11-01T07:48:51.000Z","0053g000000ln7zAAA","","","a0K3g000001QHZ3EAO","","","a0I3g000000ThxjEAC","","42309727894633819","",""
"a0E3g000000PNBLEA4","","Term Sheet","2020-10-12T19:27:33.000Z","0053g000000FhreAAC","2022-11-01T07:48:51.000Z","0053g000000ln7zAAA","","","a0K3g000001QHZ3EAO","","","a0I3g000000ThxjEAC","","42254584253127019","",""
"a0E3g000000PNBMEA4","","Consumer Loan Agreement","2020-10-12T19:27:33.000Z","0053g000000FhreAAC","2022-11-01T07:48:51.000Z","0053g000000ln7zAAA","","","a0K3g000001QHZ3EAO","","","a0I3g000000ThxjEAC","","42342814956807660","",""
"a0E3g000000PNBNEA4","","Term Sheet","2020-10-12T19:27:33.000Z","0053g000000FhreAAC","2022-11-01T07:48:51.000Z","0053g000000ln7zAAA","","","a0K3g000001QHZ3EAO","","","a0I3g000000ThxjEAC","","42810846068957841","",""
"a0E3g000000PNBOEA4","","Power of Attorney","2020-10-12T19:27:33.000Z","0053g000000FhreAAC","2022-11-01T07:48:51.000Z","0053g000000ln7zAAA","","","a0K3g000001QHZ3EAO","","","a0I3g000000ThxjEAC","","42734183588061010","",""
"a0E3g000000PNBPEA4","","Authorization for Automatic Draft","2020-10-12T19:27:33.000Z","0053g000000FhreAAC","2022-11-01T07:48:51.000Z","0053g000000ln7zAAA","","","a0K3g000001QHZ3EAO","","","a0I3g000000ThxjEAC","","42271755949974578","",""
"a0E3g000000PNBQEA4","","Consumer Loan Agreement","2020-10-12T19:27:33.000Z","0053g000000FhreAAC","2022-11-01T07:48:51.000Z","0053g000000ln7zAAA","","","a0K3g000001QHZ3EAO","","","a0I3g000000ThxjEAC","","42402022564578639","",""
"a0E3g000000PNBREA4","","Term Sheet","2020-10-12T19:27:33.000Z","0053g000000FhreAAC","2022-11-01T07:48:51.000Z","0053g000000ln7zAAA","","","a0K3g000001QHZ3EAO","","","a0I3g000000ThxjEAC","","42569175171801062","",""
"a0E3g000000PNBSEA4","","Power of Attorney","2020-10-12T19:27:33.000Z","0053g000000FhreAAC","2022-11-01T07:48:51.000Z","0053g000000ln7zAAA","","","a0K3g000001QHZ3EAO","","","a0I3g000000ThxjEAC","","42602865459910043","",""
"a0E3g000000PNBTEA4","","Authorization for Automatic Draft","2020-10-12T19:27:33.000Z","0053g000000FhreAAC","2022-11-01T07:48:51.000Z","0053g000000ln7zAAA","","","a0K3g000001QHZ3EAO","","","a0I3g000000ThxjEAC","","42074603216814857","",""
"a0E3g000000PNBdEAO","","Tax Return","2020-10-12T19:27:33.000Z","0053g000000ln7zAAA","2022-11-01T07:48:51.000Z","0053g000000ln7zAAA","","","a0K3g000001QHZCEA4","","","a0I3g000000ThxeEAC","","42725554668381464","","a0E3g000000PNBdEAO"
"a0E3g000000PNBeEAO","","Tax Return","2020-10-12T19:27:33.000Z","0053g000000ln7zAAA","2022-11-01T07:48:51.000Z","0053g000000ln7zAAA","","","a0K3g000001QHZCEA4","","","a0I3g000000ThxeEAC","","42316519625054436","","a0E3g000000PNBeEAO"
"a0E3g000000PNBfEAO","","Tax Return","2020-10-12T19:27:33.000Z","0053g000000ln7zAAA","2022-11-01T07:48:51.000Z","0053g000000ln7zAAA","","","a0K3g000001QHZCEA4","","","a0I3g000000ThxeEAC","","42281857672713447","","a0E3g000000PNBfEAO"
"a0E3g000000PNBgEAO","","Financial Statement","2020-10-12T19:27:33.000Z","0053g000000ln7zAAA","2022-11-01T07:48:51.000Z","0053g000000ln7zAAA","","","a0K3g000001QHZCEA4","","","a0I3g000000ThxeEAC","","42475525428940702","","a0E3g000000PNBgEAO"
"a0E3g000000PNBhEAO","","Account Statement","2020-10-12T19:27:33.000Z","0053g000000ln7zAAA","2022-11-01T07:48:51.000Z","0053g000000ln7zAAA","","","a0K3g000001QHZCEA4","","","a0I3g000000ThxeEAC","","42918601556723195","","a0E3g000000PNBhEAO"
"a0E3g000000PNBiEAO","","Real Estate Taxes","2020-10-12T19:27:33.000Z","0053g000000ln7zAAA","2022-11-01T07:48:51.000Z","0053g000000ln7zAAA","","","a0K3g000001QHZDEA4","","","a0I3g000000ThxeEAC","","42151788609074097","","a0E3g000000PNBiEAO"
"a0E3g000000PNBjEAO","","Property Insurance","2020-10-12T19:27:33.000Z","0053g000000ln7zAAA","2022-11-01T07:48:51.000Z","0053g000000ln7zAAA","","","a0K3g000001QHZEEA4","","","a0I3g000000ThxeEAC","","42517563778078991","","a0E3g000000PNBjEAO"
"a0E3g000000PNBwEAO","","Authorization to Release Information","2020-10-12T19:27:33.000Z","0053g000000ln7zAAA","2022-11-01T07:48:51.000Z","0053g000000ln7zAAA","","","a0K3g000001QHZBEA4","","","a0I3g000000ThxeEAC","","42243998164658015","","a0E3g000000PNBwEAO"
"a0E3g000000PNBxEAO","","Collateral Disposition","2020-10-12T19:27:33.000Z","0053g000000ln7zAAA","2022-11-01T07:48:51.000Z","0053g000000ln7zAAA","","","a0K3g000001QHZLEA4","","","a0I3g000000ThxeEAC","","42256400337278854","","a0E3g000000PNBxEAO"
"a0E3g000000PNByEAO","","Settlement Sheet","2020-10-12T19:27:33.000Z","0053g000000ln7zAAA","2022-11-01T07:48:51.000Z","0053g000000ln7zAAA","","","a0K3g000001QHZLEA4","","","a0I3g000000ThxeEAC","","42795212949764585","","a0E3g000000PNByEAO"
"a0E3g000000PNBzEAO","","Copy of Identification","2020-10-12T19:27:33.000Z","0053g000000ln7zAAA","2022-11-01T07:48:51.000Z","0053g000000ln7zAAA","","","a0K3g000001QHZMEA4","","","a0I3g000000ThxeEAC","","4273209952735582","","a0E3g000000PNBzEAO"
"a0E3g000000PNC0EAO","","Change of Address","2020-10-12T19:27:33.000Z","0053g000000ln7zAAA","2022-11-01T07:48:51.000Z","0053g000000ln7zAAA","","","a0K3g000001QHZMEA4","","","a0I3g000000ThxeEAC","","42098201493358111","","a0E3g000000PNC0EAO"
"a0E3g000000PNC1EAO","","Marriage License","2020-10-12T19:27:33.000Z","0053g000000ln7zAAA","2022-11-01T07:48:51.000Z","0053g000000ln7zAAA","","","a0K3g000001QHZMEA4","","","a0I3g000000ThxeEAC","","42657890913514066","","a0E3g000000PNC1EAO"
"a0E3g000000PNC2EAO","","Correspondence","2020-10-12T19:27:33.000Z","0053g000000ln7zAAA","2022-11-01T07:48:51.000Z","0053g000000ln7zAAA","","","a0K3g000001QHZMEA4","","","a0I3g000000ThxeEAC","","42047285864342194","","a0E3g000000PNC2EAO"
"a0E3g000000PNC3EAO","","Articles of Incorporation","2020-10-12T19:27:33.000Z","0053g000000ln7zAAA","2022-11-01T07:48:51.000Z","0053g000000ln7zAAA","","","a0K3g000001QHZNEA4","","","a0I3g000000ThxeEAC","","42097743910376860","","a0E3g000000PNC3EAO"
"a0E3g000000PNC4EAO","","By-Laws","2020-10-12T19:27:33.000Z","0053g000000ln7zAAA","2022-11-01T07:48:51.000Z","0053g000000ln7zAAA","","","a0K3g000001QHZNEA4","","","a0I3g000000ThxeEAC","","42407194261004651","","a0E3g000000PNC4EAO"
"a0E3g000000PNC5EAO","","Trust Agreement","2020-10-12T19:27:33.000Z","0053g000000ln7zAAA","2022-11-01T07:48:51.000Z","0053g000000ln7zAAA","","","a0K3g000001QHZOEA4","","","a0I3g000000ThxeEAC","","42329214075588650","","a0E3g000000PNC5EAO"
"a0E3g000000PNC6EAO","","Accounts Payable Listing","2020-10-12T19:27:33.000Z","0053g000000ln7zAAA","2022-11-01T07:48:51.000Z","0053g000000ln7zAAA","","","a0K3g000001QHZCEA4","","","a0I3g000000ThxeEAC","","42588876123074393","","a0E3g000000PNC6EAO"
"a0E3g000000PNC7EAO","","Accounts Receivable Aging","2020-10-12T19:27:33.000Z","0053g000000ln7zAAA","2022-11-01T07:48:51.000Z","0053g000000ln7zAAA","","","a0K3g000001QHZCEA4","","","a0I3g000000ThxeEAC","","42019460542818515","","a0E3g000000PNC7EAO"
"a0E3g000000PNC8EAO","","Borrowing Base Certificate","2020-10-12T19:27:33.000Z","0053g000000ln7zAAA","2022-11-01T07:48:51.000Z","0053g000000ln7zAAA","","","a0K3g000001QHZCEA4","","","a0I3g000000ThxeEAC","","42071198567055650","","a0E3g000000PNC8EAO"
"a0E3g000000PNC9EAO","","Business Plan","2020-10-12T19:27:33.000Z","0053g000000ln7zAAA","2022-11-01T07:48:51.000Z","0053g000000ln7zAAA","","","a0K3g000001QHZCEA4","","","a0I3g000000ThxeEAC","","42748691519134121","","a0E3g000000PNC9EAO"
"a0E3g000000PNCAEA4","","Debt Service Coverage","2020-10-12T19:27:33.000Z","0053g000000ln7zAAA","2022-11-01T07:48:51.000Z","0053g000000ln7zAAA","","","a0K3g000001QHZCEA4","","","a0I3g000000ThxeEAC","","42801481484366145","","a0E3g000000PNCAEA4"
"a0E3g000000PNCBEA4","","Debt Schedule","2020-10-12T19:27:33.000Z","0053g000000ln7zAAA","2022-11-01T07:48:51.000Z","0053g000000ln7zAAA","","","a0K3g000001QHZCEA4","","","a0I3g000000ThxeEAC","","42062004852715868","","a0E3g000000PNCBEA4"
"a0E3g000000PNCCEA4","","Balance Sheet","2020-10-12T19:27:33.000Z","0053g000000ln7zAAA","2022-11-01T07:48:51.000Z","0053g000000ln7zAAA","","","a0K3g000001QHZCEA4","","","a0I3g000000ThxeEAC","","42931091211889048","","a0E3g000000PNCCEA4"
"a0E3g000000PNCDEA4","","Business Valuation Report","2020-10-12T19:27:33.000Z","0053g000000ln7zAAA","2022-11-01T07:48:51.000Z","0053g000000ln7zAAA","","","a0K3g000001QHZCEA4","","","a0I3g000000ThxeEAC","","42207969665773059","","a0E3g000000PNCDEA4"
"a0E3g000000PNCEEA4","","Cash Flow Analysis","2020-10-12T19:27:33.000Z","0053g000000ln7zAAA","2022-11-01T07:48:51.000Z","0053g000000ln7zAAA","","","a0K3g000001QHZCEA4","","","a0I3g000000ThxeEAC","","42967086125135419","","a0E3g000000PNCEEA4"
"a0E3g000000PNCFEA4","","Joint Venture Agreement","2020-10-12T19:27:33.000Z","0053g000000ln7zAAA","2022-11-01T07:48:51.000Z","0053g000000ln7zAAA","","","a0K3g000001QHZPEA4","","","a0I3g000000ThxeEAC","","42925026785305935","","a0E3g000000PNCFEA4"
"a0E3g000000PNCGEA4","","Certificate of Good Standing","2020-10-12T19:27:33.000Z","0053g000000ln7zAAA","2022-11-01T07:48:51.000Z","0053g000000ln7zAAA","","","a0K3g000001QHZQEA4","","","a0I3g000000ThxeEAC","","42327628640723276","","a0E3g000000PNCGEA4"
"a0E3g000000PNCHEA4","","Resolution","2020-10-12T19:27:33.000Z","0053g000000ln7zAAA","2022-11-01T07:48:51.000Z","0053g000000ln7zAAA","","","a0K3g000001QHZQEA4","","","a0I3g000000ThxeEAC","","42852058454756018","","a0E3g000000PNCHEA4"
"a0E3g000000PNCIEA4","","Regulations of Operating Agreement","2020-10-12T19:27:33.000Z","0053g000000ln7zAAA","2022-11-01T07:48:51.000Z","0053g000000ln7zAAA","","","a0K3g000001QHZPEA4","","","a0I3g000000ThxeEAC","","42736004945502408","","a0E3g000000PNCIEA4"
"a0E3g000000PNCJEA4","","Limited Partnership Agreement","2020-10-12T19:27:33.000Z","0053g000000ln7zAAA","2022-11-01T07:48:51.000Z","0053g000000ln7zAAA","","","a0K3g000001QHZPEA4","","","a0I3g000000ThxeEAC","","42824153409177256","","a0E3g000000PNCJEA4"
"a0E3g000000PNCKEA4","","General Partnership Agreement","2020-10-12T19:27:33.000Z","0053g000000ln7zAAA","2022-11-01T07:48:51.000Z","0053g000000ln7zAAA","","","a0K3g000001QHZPEA4","","","a0I3g000000ThxeEAC","","42188974879039316","","a0E3g000000PNCKEA4"
"a0E3g000000PNCLEA4","","Borrower's Certification","2020-10-12T19:27:33.000Z","0053g000000ln7zAAA","2022-11-01T07:48:51.000Z","0053g000000ln7zAAA","","","a0K3g000001QHZBEA4","","","a0I3g000000ThxeEAC","","42760607729206407","","a0E3g000000PNCLEA4"
"a0E3g000000PNCMEA4","","Insurance","2020-10-12T19:27:33.000Z","0053g000000ln7zAAA","2022-11-01T07:48:51.000Z","0053g000000ln7zAAA","","","a0K3g000001QHZgEAO","","","a0I3g000000ThxiEAC","","42479483393029384","",""
"a0E3g000000PNCNEA4","","Insurance","2020-10-12T19:27:33.000Z","0053g000000ln7zAAA","2022-11-01T07:48:51.000Z","0053g000000ln7zAAA","","","a0K3g000001QHZgEAO","","","a0I3g000000ThxiEAC","","42064451495742151","",""
"a0E3g000000PNCOEA4","","Signature Card","2020-10-12T19:27:33.000Z","0053g000000ln7zAAA","2022-11-01T07:48:51.000Z","0053g000000ln7zAAA","","","a0K3g000001QHZvEAO","","","a0I3g000000ThxhEAC","","42940494176630206","",""
"a0E3g000000PNCPEA4","","Signature Card","2020-10-12T19:27:33.000Z","0053g000000ln7zAAA","2022-11-01T07:48:51.000Z","0053g000000ln7zAAA","","","a0K3g000001QHZuEAO","","","a0I3g000000ThxhEAC","","42377998224436361","",""
"a0E3g000000PNCQEA4","","Signature Card","2020-10-12T19:27:33.000Z","0053g000000ln7zAAA","2022-11-01T07:48:51.000Z","0053g000000ln7zAAA","","","a0K3g000001QHZVEA4","","","a0I3g000000ThxhEAC","","42846739893390799","",""
"a0E3g000000PNCREA4","","Signature Card","2020-10-12T19:27:33.000Z","0053g000000ln7zAAA","2022-11-01T07:48:51.000Z","0053g000000ln7zAAA","","","a0K3g000001QHZWEA4","","","a0I3g000000ThxhEAC","","42010272779752558","",""
"a0E3g000000PNCSEA4","","IRA Agreement","2020-10-12T19:27:33.000Z","0053g000000ln7zAAA","2022-11-01T07:48:51.000Z","0053g000000ln7zAAA","","","a0K3g000001QHZWEA4","","","a0I3g000000ThxhEAC","","42782889612513285","",""
"a0E3g000000PNCTEA4","","Substitute Form W-9","2020-10-12T19:27:33.000Z","0053g000000ln7zAAA","2022-11-01T07:48:51.000Z","0053g000000ln7zAAA","","","a0K3g000001QHZWEA4","","","a0I3g000000ThxhEAC","","42018201272471274","",""
"a0E3g000000PNCUEA4","","Beneficiary Statement","2020-10-12T19:27:33.000Z","0053g000000ln7zAAA","2022-11-01T07:48:51.000Z","0053g000000ln7zAAA","","","a0K3g000001QHZWEA4","","","a0I3g000000ThxhEAC","","42005146443392899","",""
"a0E3g000000PNCVEA4","","Privacy Policy","2020-10-12T19:27:33.000Z","0053g000000ln7zAAA","2022-11-01T07:48:51.000Z","0053g000000ln7zAAA","","","a0K3g000001QHZWEA4","","","a0I3g000000ThxhEAC","","42309756224014484","",""
"a0E3g000000PNCWEA4","","ATM/Debit card Agreement","2020-10-12T19:27:33.000Z","0053g000000ln7zAAA","2022-11-01T07:48:51.000Z","0053g000000ln7zAAA","","","a0K3g000001QHZWEA4","","","a0I3g000000ThxhEAC","","42791629918388936","",""
"a0E3g000000PNCXEA4","","W-8 for Non Resident Alien","2020-10-12T19:27:33.000Z","0053g000000ln7zAAA","2022-11-01T07:48:51.000Z","0053g000000ln7zAAA","","","a0K3g000001QHZWEA4","","","a0I3g000000ThxhEAC","","42712970361451806","",""
"a0E3g000000PNCYEA4","","Signature Card","2020-10-12T19:27:33.000Z","0053g000000ln7zAAA","2022-11-01T07:48:51.000Z","0053g000000ln7zAAA","","","a0K3g000001QHZREA4","","","a0I3g000000ThxhEAC","","42601305069717987","",""
"a0E3g000000PNCZEA4","","Substitute Form W-9","2020-10-12T19:27:33.000Z","0053g000000ln7zAAA","2022-11-01T07:48:51.000Z","0053g000000ln7zAAA","","","a0K3g000001QHZREA4","","","a0I3g000000ThxhEAC","","42549499262661084","",""
"a0E3g000000PNCaEAO","","Beneficiary Statement","2020-10-12T19:27:33.000Z","0053g000000ln7zAAA","2022-11-01T07:48:51.000Z","0053g000000ln7zAAA","","","a0K3g000001QHZREA4","","","a0I3g000000ThxhEAC","","42481005520832386","",""
"a0E3g000000PNCbEAO","","Privacy Policy","2020-10-12T19:27:33.000Z","0053g000000ln7zAAA","2022-11-01T07:48:51.000Z","0053g000000ln7zAAA","","","a0K3g000001QHZREA4","","","a0I3g000000ThxhEAC","","42639604108986810","",""
"a0E3g000000PNCcEAO","","Fee Schedule","2020-10-12T19:27:33.000Z","0053g000000ln7zAAA","2022-11-01T07:48:51.000Z","0053g000000ln7zAAA","","","a0K3g000001QHZREA4","","","a0I3g000000ThxhEAC","","42948371158469743","",""
"a0E3g000000PNCdEAO","","ATM/Debit card Agreement","2020-10-12T19:27:33.000Z","0053g000000ln7zAAA","2022-11-01T07:48:51.000Z","0053g000000ln7zAAA","","","a0K3g000001QHZREA4","","","a0I3g000000ThxhEAC","","42478789714595529","",""
"a0E3g000000PNCeEAO","","W-8 for Non Resident Alien","2020-10-12T19:27:33.000Z","0053g000000ln7zAAA","2022-11-01T07:48:51.000Z","0053g000000ln7zAAA","","","a0K3g000001QHZREA4","","","a0I3g000000ThxhEAC","","42457710250974302","",""
"a0E3g000000PNCfEAO","","Overdraft Decision Notice","2020-10-12T19:27:33.000Z","0053g000000ln7zAAA","2022-11-01T07:48:51.000Z","0053g000000ln7zAAA","","","a0K3g000001QHZREA4","","","a0I3g000000ThxhEAC","","42441854194794762","",""
"a0E3g000000PNCgEAO","","General Liability","2020-10-12T19:27:33.000Z","0053g000000ln7zAAA","2022-11-01T07:48:51.000Z","0053g000000ln7zAAA","","","a0K3g000001QHZEEA4","","","a0I3g000000ThxeEAC","","42478492296784535","","a0E3g000000PNCgEAO"
"a0E3g000000PNChEAO","","Signature Card","2020-10-12T19:27:33.000Z","0053g000000ln7zAAA","2022-11-01T07:48:51.000Z","0053g000000ln7zAAA","","","a0K3g000001QHZREA4","","","a0I3g000000ThxhEAC","","42086993447254607","",""
"a0E3g000000PNCiEAO","","Substitute Form W-9","2020-10-12T19:27:33.000Z","0053g000000ln7zAAA","2022-11-01T07:48:51.000Z","0053g000000ln7zAAA","","","a0K3g000001QHZREA4","","","a0I3g000000ThxhEAC","","42111789108733160","",""
"a0E3g000000PNCjEAO","","Beneficiary Statement","2020-10-12T19:27:33.000Z","0053g000000ln7zAAA","2022-11-01T07:48:51.000Z","0053g000000ln7zAAA","","","a0K3g000001QHZREA4","","","a0I3g000000ThxhEAC","","42738434461482566","",""
"a0E3g000000PNCkEAO","","Privacy Policy","2020-10-12T19:27:33.000Z","0053g000000ln7zAAA","2022-11-01T07:48:51.000Z","0053g000000ln7zAAA","","","a0K3g000001QHZREA4","","","a0I3g000000ThxhEAC","","42824625086971408","",""
"a0E3g000000PNClEAO","","Fee Schedule","2020-10-12T19:27:33.000Z","0053g000000ln7zAAA","2022-11-01T07:48:51.000Z","0053g000000ln7zAAA","","","a0K3g000001QHZREA4","","","a0I3g000000ThxhEAC","","42591468411702681","",""
"a0E3g000000PNCmEAO","","ATM/Debit card Agreement","2020-10-12T19:27:33.000Z","0053g000000ln7zAAA","2022-11-01T07:48:51.000Z","0053g000000ln7zAAA","","","a0K3g000001QHZREA4","","","a0I3g000000ThxhEAC","","42610383015498400","",""
"a0E3g000000PNCnEAO","","W-8 for Non Resident Alien","2020-10-12T19:27:33.000Z","0053g000000ln7zAAA","2022-11-01T07:48:51.000Z","0053g000000ln7zAAA","","","a0K3g000001QHZREA4","","","a0I3g000000ThxhEAC","","42610047852036115","",""
"a0E3g000000PNCoEAO","","Overdraft Decision Notice","2020-10-12T19:27:33.000Z","0053g000000ln7zAAA","2022-11-01T07:48:51.000Z","0053g000000ln7zAAA","","","a0K3g000001QHZREA4","","","a0I3g000000ThxhEAC","","42507698649922656","",""
"a0E3g000000PNCpEAO","","Signature Card","2020-10-12T19:27:33.000Z","0053g000000ln7zAAA","2022-11-01T07:48:51.000Z","0053g000000ln7zAAA","","","a0K3g000001QHZREA4","","","a0I3g000000ThxhEAC","","42354965011509429","",""
"a0E3g000000PNCqEAO","","Substitute Form W-9","2020-10-12T19:27:33.000Z","0053g000000ln7zAAA","2022-11-01T07:48:51.000Z","0053g000000ln7zAAA","","","a0K3g000001QHZREA4","","","a0I3g000000ThxhEAC","","42033848583424981","",""
"a0E3g000000PNCrEAO","","Beneficiary Statement","2020-10-12T19:27:33.000Z","0053g000000ln7zAAA","2022-11-01T07:48:51.000Z","0053g000000ln7zAAA","","","a0K3g000001QHZREA4","","","a0I3g000000ThxhEAC","","42691109698670058","",""
"a0E3g000000PNCsEAO","","Privacy Policy","2020-10-12T19:27:33.000Z","0053g000000ln7zAAA","2022-11-01T07:48:51.000Z","0053g000000ln7zAAA","","","a0K3g000001QHZREA4","","","a0I3g000000ThxhEAC","","42172324493334772","",""
"a0E3g000000PNCtEAO","","Fee Schedule","2020-10-12T19:27:33.000Z","0053g000000ln7zAAA","2022-11-01T07:48:51.000Z","0053g000000ln7zAAA","","","a0K3g000001QHZREA4","","","a0I3g000000ThxhEAC","","42300541688320852","",""
"a0E3g000000PNCuEAO","","ATM/Debit card Agreement","2020-10-12T19:27:33.000Z","0053g000000ln7zAAA","2022-11-01T07:48:51.000Z","0053g000000ln7zAAA","","","a0K3g000001QHZREA4","","","a0I3g000000ThxhEAC","","42732150269261087","",""
"a0E3g000000PNCvEAO","","W-8 for Non Resident Alien","2020-10-12T19:27:33.000Z","0053g000000ln7zAAA","2022-11-01T07:48:51.000Z","0053g000000ln7zAAA","","","a0K3g000001QHZREA4","","","a0I3g000000ThxhEAC","","42756371452638001","",""
"a0E3g000000PNCwEAO","","Overdraft Decision Notice","2020-10-12T19:27:33.000Z","0053g000000ln7zAAA","2022-11-01T07:48:51.000Z","0053g000000ln7zAAA","","","a0K3g000001QHZREA4","","","a0I3g000000ThxhEAC","","42008862555947069","",""
"a0E3g000000PNCxEAO","","Signature Card","2020-10-12T19:27:33.000Z","0053g000000ln7zAAA","2022-11-01T07:48:51.000Z","0053g000000ln7zAAA","","","a0K3g000001QHZREA4","","","a0I3g000000ThxhEAC","","42814352955100330","",""
"a0E3g000000PNCyEAO","","Substitute Form W-9","2020-10-12T19:27:33.000Z","0053g000000ln7zAAA","2022-11-01T07:48:51.000Z","0053g000000ln7zAAA","","","a0K3g000001QHZREA4","","","a0I3g000000ThxhEAC","","42141610581230793","",""
"a0E3g000000PNCzEAO","","Beneficiary Statement","2020-10-12T19:27:33.000Z","0053g000000ln7zAAA","2022-11-01T07:48:51.000Z","0053g000000ln7zAAA","","","a0K3g000001QHZREA4","","","a0I3g000000ThxhEAC","","42407843242923978","",""
"a0E3g000000PND0EAO","","Privacy Policy","2020-10-12T19:27:33.000Z","0053g000000ln7zAAA","2022-11-01T07:48:51.000Z","0053g000000ln7zAAA","","","a0K3g000001QHZREA4","","","a0I3g000000ThxhEAC","","42377522638743797","",""
"a0E3g000000PND1EAO","","Fee Schedule","2020-10-12T19:27:33.000Z","0053g000000ln7zAAA","2022-11-01T07:48:51.000Z","0053g000000ln7zAAA","","","a0K3g000001QHZREA4","","","a0I3g000000ThxhEAC","","42057537042580827","",""
"a0E3g000000PND2EAO","","ATM/Debit card Agreement","2020-10-12T19:27:33.000Z","0053g000000ln7zAAA","2022-11-01T07:48:51.000Z","0053g000000ln7zAAA","","","a0K3g000001QHZREA4","","","a0I3g000000ThxhEAC","","42079635615282551","",""
"a0E3g000000PND3EAO","","W-8 for Non Resident Alien","2020-10-12T19:27:33.000Z","0053g000000ln7zAAA","2022-11-01T07:48:51.000Z","0053g000000ln7zAAA","","","a0K3g000001QHZREA4","","","a0I3g000000ThxhEAC","","42579735535763655","",""
"a0E3g000000PND4EAO","","Overdraft Decision Notice","2020-10-12T19:27:33.000Z","0053g000000ln7zAAA","2022-11-01T07:48:51.000Z","0053g000000ln7zAAA","","","a0K3g000001QHZREA4","","","a0I3g000000ThxhEAC","","42368580945497367","",""
"a0E3g000000PND5EAO","","Signature Card","2020-10-12T19:27:33.000Z","0053g000000ln7zAAA","2022-11-01T07:48:51.000Z","0053g000000ln7zAAA","","","a0K3g000001QHZREA4","","","a0I3g000000ThxhEAC","","42621954955010498","",""
"a0E3g000000PND6EAO","","Substitute Form W-9","2020-10-12T19:27:33.000Z","0053g000000ln7zAAA","2022-11-01T07:48:51.000Z","0053g000000ln7zAAA","","","a0K3g000001QHZREA4","","","a0I3g000000ThxhEAC","","42599027947813341","",""
"a0E3g000000PND7EAO","","Beneficiary Statement","2020-10-12T19:27:33.000Z","0053g000000ln7zAAA","2022-11-01T07:48:51.000Z","0053g000000ln7zAAA","","","a0K3g000001QHZREA4","","","a0I3g000000ThxhEAC","","42938557033230757","",""
"a0E3g000000PND8EAO","","Privacy Policy","2020-10-12T19:27:33.000Z","0053g000000ln7zAAA","2022-11-01T07:48:51.000Z","0053g000000ln7zAAA","","","a0K3g000001QHZREA4","","","a0I3g000000ThxhEAC","","42005148619435482","",""
"a0E3g000000PND9EAO","","Fee Schedule","2020-10-12T19:27:33.000Z","0053g000000ln7zAAA","2022-11-01T07:48:51.000Z","0053g000000ln7zAAA","","","a0K3g000001QHZREA4","","","a0I3g000000ThxhEAC","","42102816496435247","",""
"a0E3g000000PNDAEA4","","ATM/Debit card Agreement","2020-10-12T19:27:33.000Z","0053g000000ln7zAAA","2022-11-01T07:48:51.000Z","0053g000000ln7zAAA","","","a0K3g000001QHZREA4","","","a0I3g000000ThxhEAC","","42640914918242257","",""
"a0E3g000000PNDBEA4","","W-8 for Non Resident Alien","2020-10-12T19:27:33.000Z","0053g000000ln7zAAA","2022-11-01T07:48:51.000Z","0053g000000ln7zAAA","","","a0K3g000001QHZREA4","","","a0I3g000000ThxhEAC","","42208282865460992","",""
"a0E3g000000PNDCEA4","","Overdraft Decision Notice","2020-10-12T19:27:33.000Z","0053g000000ln7zAAA","2022-11-01T07:48:52.000Z","0053g000000ln7zAAA","","","a0K3g000001QHZREA4","","","a0I3g000000ThxhEAC","","42093665680662255","",""
"a0E3g000000PNDDEA4","","Signature Card","2020-10-12T19:27:33.000Z","0053g000000ln7zAAA","2022-11-01T07:48:52.000Z","0053g000000ln7zAAA","","","a0K3g000001QHZREA4","","","a0I3g000000ThxhEAC","","42004792316734418","",""
"a0E3g000000PNDEEA4","","Substitute Form W-9","2020-10-12T19:27:33.000Z","0053g000000ln7zAAA","2022-11-01T07:48:52.000Z","0053g000000ln7zAAA","","","a0K3g000001QHZREA4","","","a0I3g000000ThxhEAC","","42448494023406134","",""
"a0E3g000000PNDFEA4","","Beneficiary Statement","2020-10-12T19:27:33.000Z","0053g000000ln7zAAA","2022-11-01T07:48:52.000Z","0053g000000ln7zAAA","","","a0K3g000001QHZREA4","","","a0I3g000000ThxhEAC","","42018200919826411","",""
"a0E3g000000PNDGEA4","","Privacy Policy","2020-10-12T19:27:33.000Z","0053g000000ln7zAAA","2022-11-01T07:48:52.000Z","0053g000000ln7zAAA","","","a0K3g000001QHZREA4","","","a0I3g000000ThxhEAC","","42837218360211972","",""
"a0E3g000000PNDHEA4","","Fee Schedule","2020-10-12T19:27:33.000Z","0053g000000ln7zAAA","2022-11-01T07:48:52.000Z","0053g000000ln7zAAA","","","a0K3g000001QHZREA4","","","a0I3g000000ThxhEAC","","42451170099588921","",""
"a0E3g000000PNDIEA4","","ATM/Debit card Agreement","2020-10-12T19:27:33.000Z","0053g000000ln7zAAA","2022-11-01T07:48:52.000Z","0053g000000ln7zAAA","","","a0K3g000001QHZREA4","","","a0I3g000000ThxhEAC","","42837054453808547","",""
"a0E3g000000PNDJEA4","","W-8 for Non Resident Alien","2020-10-12T19:27:33.000Z","0053g000000ln7zAAA","2022-11-01T07:48:52.000Z","0053g000000ln7zAAA","","","a0K3g000001QHZREA4","","","a0I3g000000ThxhEAC","","42748396223711431","",""
"a0E3g000000PNDKEA4","","Overdraft Decision Notice","2020-10-12T19:27:33.000Z","0053g000000ln7zAAA","2022-11-01T07:48:52.000Z","0053g000000ln7zAAA","","","a0K3g000001QHZREA4","","","a0I3g000000ThxhEAC","","42229173372039712","",""
"a0E3g000000PNDLEA4","","CD Deposit Agreement and Disclosures","2020-10-12T19:27:33.000Z","0053g000000ln7zAAA","2022-11-01T07:48:52.000Z","0053g000000ln7zAAA","","","a0K3g000001QHZSEA4","","","a0I3g000000ThxhEAC","","42440025346612508","",""
"a0E3g000000PNDMEA4","","Beneficiary Statement","2020-10-12T19:27:33.000Z","0053g000000ln7zAAA","2022-11-01T07:48:52.000Z","0053g000000ln7zAAA","","","a0K3g000001QHZSEA4","","","a0I3g000000ThxhEAC","","42500120925857263","",""
"a0E3g000000PNDNEA4","","CD Deposit Agreement and Disclosures","2020-10-12T19:27:33.000Z","0053g000000ln7zAAA","2022-11-01T07:48:52.000Z","0053g000000ln7zAAA","","","a0K3g000001QHZSEA4","","","a0I3g000000ThxhEAC","","42174736983369984","",""
"a0E3g000000PNDOEA4","","Beneficiary Statement","2020-10-12T19:27:33.000Z","0053g000000ln7zAAA","2022-11-01T07:48:52.000Z","0053g000000ln7zAAA","","","a0K3g000001QHZSEA4","","","a0I3g000000ThxhEAC","","42826558389056289","",""
"a0E3g000000PNDPEA4","","CD Deposit Agreement and Disclosures","2020-10-12T19:27:33.000Z","0053g000000ln7zAAA","2022-11-01T07:48:52.000Z","0053g000000ln7zAAA","","","a0K3g000001QHZSEA4","","","a0I3g000000ThxhEAC","","42166013965172234","",""
"a0E3g000000PNDQEA4","","Beneficiary Statement","2020-10-12T19:27:33.000Z","0053g000000ln7zAAA","2022-11-01T07:48:52.000Z","0053g000000ln7zAAA","","","a0K3g000001QHZSEA4","","","a0I3g000000ThxhEAC","","42943458606851520","",""
"a0E3g000000PNDREA4","","Articles of Organization","2020-10-12T19:27:33.000Z","0053g000000ln7zAAA","2022-11-01T07:48:52.000Z","0053g000000ln7zAAA","","","a0K3g000001QHZQEA4","","","a0I3g000000ThxeEAC","","42689182350058850","","a0E3g000000PNDREA4"
"a0E3g000000PNDSEA4","","Signature Card","2020-10-12T19:27:33.000Z","0053g000000ln7zAAA","2022-11-01T07:48:52.000Z","0053g000000ln7zAAA","","","a0K3g000001QHZREA4","","","a0I3g000000ThxhEAC","","42134849216011831","",""
"a0E3g000000PNDTEA4","","Substitute Form W-9","2020-10-12T19:27:33.000Z","0053g000000ln7zAAA","2022-11-01T07:48:52.000Z","0053g000000ln7zAAA","","","a0K3g000001QHZREA4","","","a0I3g000000ThxhEAC","","42933446654433579","",""
"a0E3g000000PNDUEA4","","Beneficiary Statement","2020-10-12T19:27:33.000Z","0053g000000ln7zAAA","2022-11-01T07:48:52.000Z","0053g000000ln7zAAA","","","a0K3g000001QHZREA4","","","a0I3g000000ThxhEAC","","42118884582629600","",""
"a0E3g000000PNDVEA4","","Privacy Policy","2020-10-12T19:27:33.000Z","0053g000000ln7zAAA","2022-11-01T07:48:52.000Z","0053g000000ln7zAAA","","","a0K3g000001QHZREA4","","","a0I3g000000ThxhEAC","","42580159244201073","",""
"a0E3g000000PNDWEA4","","Fee Schedule","2020-10-12T19:27:33.000Z","0053g000000ln7zAAA","2022-11-01T07:48:52.000Z","0053g000000ln7zAAA","","","a0K3g000001QHZREA4","","","a0I3g000000ThxhEAC","","42322579043441189","",""
"a0E3g000000PNDXEA4","","ATM/Debit card Agreement","2020-10-12T19:27:33.000Z","0053g000000ln7zAAA","2022-11-01T07:48:52.000Z","0053g000000ln7zAAA","","","a0K3g000001QHZREA4","","","a0I3g000000ThxhEAC","","42329899261246701","",""
"a0E3g000000PNDYEA4","","W-8 for Non Resident Alien","2020-10-12T19:27:33.000Z","0053g000000ln7zAAA","2022-11-01T07:48:52.000Z","0053g000000ln7zAAA","","","a0K3g000001QHZREA4","","","a0I3g000000ThxhEAC","","42368179704271923","",""
"a0E3g000000PNDZEA4","","Overdraft Decision Notice","2020-10-12T19:27:33.000Z","0053g000000ln7zAAA","2022-11-01T07:48:52.000Z","0053g000000ln7zAAA","","","a0K3g000001QHZREA4","","","a0I3g000000ThxhEAC","","42313138060921107","",""
"a0E3g000000PNDaEAO","","Signature Card","2020-10-12T19:27:33.000Z","0053g000000ln7zAAA","2022-11-01T07:48:52.000Z","0053g000000ln7zAAA","","","a0K3g000001QHZTEA4","","","a0I3g000000ThxhEAC","","42545453282996598","",""
"a0E3g000000PNDbEAO","","Corporate Resolution","2020-10-12T19:27:33.000Z","0053g000000ln7zAAA","2022-11-01T07:48:52.000Z","0053g000000ln7zAAA","","","a0K3g000001QHZTEA4","","","a0I3g000000ThxhEAC","","42378676622689141","",""
"a0E3g000000PNDcEAO","","Substitute Form W-9","2020-10-12T19:27:33.000Z","0053g000000ln7zAAA","2022-11-01T07:48:52.000Z","0053g000000ln7zAAA","","","a0K3g000001QHZTEA4","","","a0I3g000000ThxhEAC","","4241751755495022","",""
"a0E3g000000PNDdEAO","","W-8 for Non-Resident Alien","2020-10-12T19:27:33.000Z","0053g000000ln7zAAA","2022-11-01T07:48:52.000Z","0053g000000ln7zAAA","","","a0K3g000001QHZTEA4","","","a0I3g000000ThxhEAC","","42721983640278109","",""
"a0E3g000000PNDeEAO","","Fee Schedule","2020-10-12T19:27:33.000Z","0053g000000ln7zAAA","2022-11-01T07:48:52.000Z","0053g000000ln7zAAA","","","a0K3g000001QHZTEA4","","","a0I3g000000ThxhEAC","","42516536615840743","",""
"a0E3g000000PNDfEAO","","ATM/Debit Card Agreement","2020-10-12T19:27:33.000Z","0053g000000ln7zAAA","2022-11-01T07:48:52.000Z","0053g000000ln7zAAA","","","a0K3g000001QHZTEA4","","","a0I3g000000ThxhEAC","","42256651582176925","",""
"a0E3g000000PNDgEAO","","Test","2020-10-12T19:27:33.000Z","0053g000000ln7zAAA","2022-11-01T07:48:52.000Z","0053g000000ln7zAAA","","","a0K3g000001QHZUEA4","","","a0I3g000000ThxhEAC","","42306103252265100","",""
"a0E3g000000PNDhEAO","","Signature Card","2020-10-12T19:27:33.000Z","0053g000000ln7zAAA","2022-11-01T07:48:52.000Z","0053g000000ln7zAAA","","","a0K3g000001QHZuEAO","","","a0I3g000000ThxhEAC","","42531148192754199","",""
"a0E3g000000PNDiEAO","","Corporate Resolution","2020-10-12T19:27:33.000Z","0053g000000ln7zAAA","2022-11-01T07:48:52.000Z","0053g000000ln7zAAA","","","a0K3g000001QHZuEAO","","","a0I3g000000ThxhEAC","","42249972695497505","",""
"a0E3g000000PNDjEAO","","Substitute Form W-9","2020-10-12T19:27:33.000Z","0053g000000ln7zAAA","2022-11-01T07:48:52.000Z","0053g000000ln7zAAA","","","a0K3g000001QHZuEAO","","","a0I3g000000ThxhEAC","","42460171768365355","",""
"a0E3g000000PNDkEAO","","W-8 for Non Resident Alien","2020-10-12T19:27:33.000Z","0053g000000ln7zAAA","2022-11-01T07:48:52.000Z","0053g000000ln7zAAA","","","a0K3g000001QHZuEAO","","","a0I3g000000ThxhEAC","","42673264946679455","",""
"a0E3g000000PNDlEAO","","Fee Schedule","2020-10-12T19:27:33.000Z","0053g000000ln7zAAA","2022-11-01T07:48:52.000Z","0053g000000ln7zAAA","","","a0K3g000001QHZuEAO","","","a0I3g000000ThxhEAC","","42923080472854074","",""
"a0E3g000000PNDmEAO","","ATM/Debit card Agreement","2020-10-12T19:27:33.000Z","0053g000000ln7zAAA","2022-11-01T07:48:52.000Z","0053g000000ln7zAAA","","","a0K3g000001QHZuEAO","","","a0I3g000000ThxhEAC","","42486795023763768","",""
"a0E3g000000PNDnEAO","","Test","2020-10-12T19:27:33.000Z","0053g000000ln7zAAA","2022-11-01T07:48:52.000Z","0053g000000ln7zAAA","","","a0K3g000001QHZUEA4","","","a0I3g000000ThxhEAC","","42419135151506224","",""
"a0E3g000000PNDoEAO","","Signature Card","2020-10-12T19:27:33.000Z","0053g000000ln7zAAA","2022-11-01T07:48:52.000Z","0053g000000ln7zAAA","","","a0K3g000001QHZvEAO","","","a0I3g000000ThxhEAC","","42466345503095301","",""
"a0E3g000000PNDpEAO","","Corporate Resolution","2020-10-12T19:27:33.000Z","0053g000000ln7zAAA","2022-11-01T07:48:52.000Z","0053g000000ln7zAAA","","","a0K3g000001QHZvEAO","","","a0I3g000000ThxhEAC","","42324828562135478","",""
"a0E3g000000PNDqEAO","","Substitute Form W-9","2020-10-12T19:27:33.000Z","0053g000000ln7zAAA","2022-11-01T07:48:52.000Z","0053g000000ln7zAAA","","","a0K3g000001QHZvEAO","","","a0I3g000000ThxhEAC","","42563450840548938","",""
"a0E3g000000PNDrEAO","","W-8 for Non Resident Alien","2020-10-12T19:27:33.000Z","0053g000000ln7zAAA","2022-11-01T07:48:52.000Z","0053g000000ln7zAAA","","","a0K3g000001QHZvEAO","","","a0I3g000000ThxhEAC","","42953834385740102","",""
"a0E3g000000PNDsEAO","","Fee Schedule","2020-10-12T19:27:33.000Z","0053g000000ln7zAAA","2022-11-01T07:48:52.000Z","0053g000000ln7zAAA","","","a0K3g000001QHZvEAO","","","a0I3g000000ThxhEAC","","42175378194980435","",""
"a0E3g000000PNDtEAO","","ATM/Debit card Agreement","2020-10-12T19:27:33.000Z","0053g000000ln7zAAA","2022-11-01T07:48:52.000Z","0053g000000ln7zAAA","","","a0K3g000001QHZvEAO","","","a0I3g000000ThxhEAC","","42122825426287505","",""
"a0E3g000000PNDuEAO","","Signature Card","2020-10-12T19:27:33.000Z","0053g000000ln7zAAA","2022-11-01T07:48:52.000Z","0053g000000ln7zAAA","","","a0K3g000001QHZVEA4","","","a0I3g000000ThxhEAC","","42032571850382260","",""
"a0E3g000000PNDvEAO","","Substitute Form W-9","2020-10-12T19:27:33.000Z","0053g000000ln7zAAA","2022-11-01T07:48:52.000Z","0053g000000ln7zAAA","","","a0K3g000001QHZVEA4","","","a0I3g000000ThxhEAC","","42190906827472720","",""
"a0E3g000000PNDwEAO","","Beneficiary Statement","2020-10-12T19:27:33.000Z","0053g000000ln7zAAA","2022-11-01T07:48:52.000Z","0053g000000ln7zAAA","","","a0K3g000001QHZVEA4","","","a0I3g000000ThxhEAC","","42157656818077798","",""
"a0E3g000000PNDxEAO","","Privacy Policy","2020-10-12T19:27:33.000Z","0053g000000ln7zAAA","2022-11-01T07:48:52.000Z","0053g000000ln7zAAA","","","a0K3g000001QHZVEA4","","","a0I3g000000ThxhEAC","","42728995039296199","",""
"a0E3g000000PNDyEAO","","Fee Schedule","2020-10-12T19:27:33.000Z","0053g000000ln7zAAA","2022-11-01T07:48:52.000Z","0053g000000ln7zAAA","","","a0K3g000001QHZVEA4","","","a0I3g000000ThxhEAC","","42873154610172710","",""
"a0E3g000000PNDzEAO","","ATM/Debit card Agreement","2020-10-12T19:27:33.000Z","0053g000000ln7zAAA","2022-11-01T07:48:52.000Z","0053g000000ln7zAAA","","","a0K3g000001QHZVEA4","","","a0I3g000000ThxhEAC","","42855094159478834","",""
"a0E3g000000PNE0EAO","","W-8 for Non Resident Alien","2020-10-12T19:27:33.000Z","0053g000000ln7zAAA","2022-11-01T07:48:52.000Z","0053g000000ln7zAAA","","","a0K3g000001QHZVEA4","","","a0I3g000000ThxhEAC","","42475393915183748","",""
"a0E3g000000PNE1EAO","","Overdraft Decision Notice","2020-10-12T19:27:33.000Z","0053g000000ln7zAAA","2022-11-01T07:48:52.000Z","0053g000000ln7zAAA","","","a0K3g000001QHZVEA4","","","a0I3g000000ThxhEAC","","42607660504179219","",""
"a0E3g000000PNE2EAO","","Signature Card","2020-10-12T19:27:33.000Z","0053g000000ln7zAAA","2022-11-01T07:48:52.000Z","0053g000000ln7zAAA","","","a0K3g000001QHZWEA4","","","a0I3g000000ThxhEAC","","42240836629212452","",""
"a0E3g000000PNE3EAO","","Substitute Form W-9","2020-10-12T19:27:33.000Z","0053g000000ln7zAAA","2022-11-01T07:48:52.000Z","0053g000000ln7zAAA","","","a0K3g000001QHZWEA4","","","a0I3g000000ThxhEAC","","42893089567026334","",""
"a0E3g000000PNE4EAO","","Beneficiary Statement","2020-10-12T19:27:33.000Z","0053g000000ln7zAAA","2022-11-01T07:48:52.000Z","0053g000000ln7zAAA","","","a0K3g000001QHZWEA4","","","a0I3g000000ThxhEAC","","42874302915139529","",""
"a0E3g000000PNE5EAO","","Privacy Policy","2020-10-12T19:27:33.000Z","0053g000000ln7zAAA","2022-11-01T07:48:52.000Z","0053g000000ln7zAAA","","","a0K3g000001QHZWEA4","","","a0I3g000000ThxhEAC","","42934086032331467","",""
"a0E3g000000PNE6EAO","","Fee Schedule","2020-10-12T19:27:33.000Z","0053g000000ln7zAAA","2022-11-01T07:48:52.000Z","0053g000000ln7zAAA","","","a0K3g000001QHZWEA4","","","a0I3g000000ThxhEAC","","42986476171802242","",""
"a0E3g000000PNE7EAO","","ATM/Debit card Agreement","2020-10-12T19:27:33.000Z","0053g000000ln7zAAA","2022-11-01T07:48:52.000Z","0053g000000ln7zAAA","","","a0K3g000001QHZWEA4","","","a0I3g000000ThxhEAC","","42715404847174768","",""
"a0E3g000000PNE8EAO","","W-8 for Non Resident Alien","2020-10-12T19:27:33.000Z","0053g000000ln7zAAA","2022-11-01T07:48:52.000Z","0053g000000ln7zAAA","","","a0K3g000001QHZWEA4","","","a0I3g000000ThxhEAC","","42280278820436540","",""
"a0E3g000000PNE9EAO","","Overdraft Decision Notice","2020-10-12T19:27:33.000Z","0053g000000ln7zAAA","2022-11-01T07:48:52.000Z","0053g000000ln7zAAA","","","a0K3g000001QHZWEA4","","","a0I3g000000ThxhEAC","","42769274655959179","",""
"a0E3g000000PNEAEA4","","Credit Application","2020-10-12T19:27:33.000Z","0053g000000ln7zAAA","2022-11-01T07:48:52.000Z","0053g000000ln7zAAA","","","a0K3g000001QHZZEA4","","","a0I3g000000ThxjEAC","","42481050337194245","",""
"a0E3g000000PNEBEA4","","Credit Memo","2020-10-12T19:27:33.000Z","0053g000000ln7zAAA","2022-11-01T07:48:52.000Z","0053g000000ln7zAAA","","","a0K3g000001QHZZEA4","","","a0I3g000000ThxjEAC","","42553019060089575","",""
"a0E3g000000PNECEA4","","Export of Third Party Spreads","2020-10-12T19:27:33.000Z","0053g000000ln7zAAA","2022-11-01T07:48:52.000Z","0053g000000ln7zAAA","","","a0K3g000001QHZZEA4","","","a0I3g000000ThxjEAC","","42689349696712322","",""
"a0E3g000000PNEDEA4","","Output of Non-integrated Third Party Vendor","2020-10-12T19:27:33.000Z","0053g000000ln7zAAA","2022-11-01T07:48:52.000Z","0053g000000ln7zAAA","","","a0K3g000001QHZZEA4","","","a0I3g000000ThxjEAC","","42115229925739438","",""
"a0E3g000000PNEEEA4","","Term Sheet","2020-10-12T19:27:33.000Z","0053g000000ln7zAAA","2022-11-01T07:48:52.000Z","0053g000000ln7zAAA","","","a0K3g000001QHZZEA4","","","a0I3g000000ThxjEAC","","42140906341012320","",""
"a0E3g000000PNEFEA4","","Application","2020-10-12T19:27:33.000Z","0053g000000ln7zAAA","2022-11-01T07:48:52.000Z","0053g000000ln7zAAA","","","a0K3g000001QHZZEA4","","","a0I3g000000ThxjEAC","","42108044194572572","",""
"a0E3g000000PNEGEA4","","Credit Memo","2020-10-12T19:27:33.000Z","0053g000000ln7zAAA","2022-11-01T07:48:52.000Z","0053g000000ln7zAAA","","","a0K3g000001QHZZEA4","","","a0I3g000000ThxjEAC","","42276928185568546","",""
"a0E3g000000PNEHEA4","","Note","2020-10-12T19:27:33.000Z","0053g000000ln7zAAA","2022-11-01T07:48:52.000Z","0053g000000ln7zAAA","","","a0K3g000001QHZaEAO","","","a0I3g000000ThxjEAC","","42587065797626654","",""
"a0E3g000000PNEIEA4","","Agreement","2020-10-12T19:27:33.000Z","0053g000000ln7zAAA","2022-11-01T07:48:52.000Z","0053g000000ln7zAAA","","","a0K3g000001QHZaEAO","","","a0I3g000000ThxjEAC","","42856149319022335","",""
"a0E3g000000PNEJEA4","","Draft Closing Documents","2020-10-12T19:27:33.000Z","0053g000000ln7zAAA","2022-11-01T07:48:52.000Z","0053g000000ln7zAAA","","","a0K3g000001QHZaEAO","","","a0I3g000000ThxjEAC","","42513766171180811","",""
"a0E3g000000PNEKEA4","","Acknowledgement of Disclosures","2020-10-12T19:27:33.000Z","0053g000000ln7zAAA","2022-11-01T07:48:52.000Z","0053g000000ln7zAAA","","","a0K3g000001QHZZEA4","","","a0I3g000000ThxjEAC","","42772641867744703","",""
"a0E3g000000PNELEA4","","Adverse Action Notification","2020-10-12T19:27:33.000Z","0053g000000ln7zAAA","2022-11-01T07:48:52.000Z","0053g000000ln7zAAA","","","a0K3g000001QHZbEAO","","","a0I3g000000ThxjEAC","","42386607098559046","",""
"a0E3g000000PNEMEA4","","Equipment Purchase Contracts / Bids","2020-10-12T19:27:33.000Z","0053g000000ln7zAAA","2022-11-01T07:48:52.000Z","0053g000000ln7zAAA","","","a0K3g000001QHZcEAO","","","a0I3g000000ThxjEAC","","42801139337343176","",""
"a0E3g000000PNENEA4","","Escrow Disbursement Agreement","2020-10-12T19:27:33.000Z","0053g000000ln7zAAA","2022-11-01T07:48:52.000Z","0053g000000ln7zAAA","","","a0K3g000001QHZcEAO","","","a0I3g000000ThxjEAC","","42414165723441040","",""
"a0E3g000000PNEOEA4","","General Liability Insurance (For Contractor)","2020-10-12T19:27:33.000Z","0053g000000ln7zAAA","2022-11-01T07:48:52.000Z","0053g000000ln7zAAA","","","a0K3g000001QHZcEAO","","","a0I3g000000ThxjEAC","","42774750397819158","",""
"a0E3g000000PNEPEA4","","List Of Subcontractors","2020-10-12T19:27:33.000Z","0053g000000ln7zAAA","2022-11-01T07:48:52.000Z","0053g000000ln7zAAA","","","a0K3g000001QHZcEAO","","","a0I3g000000ThxjEAC","","42817085316865285","",""
"a0E3g000000PNEQEA4","","Notice Of Commencement","2020-10-12T19:27:33.000Z","0053g000000ln7zAAA","2022-11-01T07:48:52.000Z","0053g000000ln7zAAA","","","a0K3g000001QHZcEAO","","","a0I3g000000ThxjEAC","","4261773116978595","",""
"a0E3g000000PNEREA4","","Notice Of Completion","2020-10-12T19:27:33.000Z","0053g000000ln7zAAA","2022-11-01T07:48:52.000Z","0053g000000ln7zAAA","","","a0K3g000001QHZcEAO","","","a0I3g000000ThxjEAC","","42915498767969826","",""
"a0E3g000000PNESEA4","","Payment And Performance Bond","2020-10-12T19:27:33.000Z","0053g000000ln7zAAA","2022-11-01T07:48:52.000Z","0053g000000ln7zAAA","","","a0K3g000001QHZcEAO","","","a0I3g000000ThxjEAC","","42126507228076983","",""
"a0E3g000000PNETEA4","","Plan Approval - Condo Association","2020-10-12T19:27:33.000Z","0053g000000ln7zAAA","2022-11-01T07:48:52.000Z","0053g000000ln7zAAA","","","a0K3g000001QHZcEAO","","","a0I3g000000ThxjEAC","","42810007329470788","",""
"a0E3g000000PNEUEA4","","Plan Approval - Franchisor","2020-10-12T19:27:33.000Z","0053g000000ln7zAAA","2022-11-01T07:48:52.000Z","0053g000000ln7zAAA","","","a0K3g000001QHZcEAO","","","a0I3g000000ThxjEAC","","42896725408719340","",""
"a0E3g000000PNEVEA4","","Plan Approval - Landlord","2020-10-12T19:27:33.000Z","0053g000000ln7zAAA","2022-11-01T07:48:52.000Z","0053g000000ln7zAAA","","","a0K3g000001QHZcEAO","","","a0I3g000000ThxjEAC","","42567967607225202","",""
"a0E3g000000PNEWEA4","","Plans & Specs - Final","2020-10-12T19:27:33.000Z","0053g000000ln7zAAA","2022-11-01T07:48:52.000Z","0053g000000ln7zAAA","","","a0K3g000001QHZcEAO","","","a0I3g000000ThxjEAC","","42095373256649659","",""
"a0E3g000000PNEXEA4","","Plans & Specs - Preliminary","2020-10-12T19:27:33.000Z","0053g000000ln7zAAA","2022-11-01T07:48:52.000Z","0053g000000ln7zAAA","","","a0K3g000001QHZcEAO","","","a0I3g000000ThxjEAC","","42492385543824435","",""
"a0E3g000000PNEYEA4","","Professional Of Record Certification","2020-10-12T19:27:33.000Z","0053g000000ln7zAAA","2022-11-01T07:48:52.000Z","0053g000000ln7zAAA","","","a0K3g000001QHZcEAO","","","a0I3g000000ThxjEAC","","42748728759243015","",""
"a0E3g000000PNEZEA4","","Schedule Of Values / Project Breakdown","2020-10-12T19:27:33.000Z","0053g000000ln7zAAA","2022-11-01T07:48:52.000Z","0053g000000ln7zAAA","","","a0K3g000001QHZcEAO","","","a0I3g000000ThxjEAC","","42461331410467865","",""
"a0E3g000000PNEaEAO","","Site Plan / Plat Map - Zoning Approval","2020-10-12T19:27:33.000Z","0053g000000ln7zAAA","2022-11-01T07:48:52.000Z","0053g000000ln7zAAA","","","a0K3g000001QHZcEAO","","","a0I3g000000ThxjEAC","","42816824125482752","",""
"a0E3g000000PNEbEAO","","Soil Report","2020-10-12T19:27:33.000Z","0053g000000ln7zAAA","2022-11-01T07:48:52.000Z","0053g000000ln7zAAA","","","a0K3g000001QHZcEAO","","","a0I3g000000ThxjEAC","","42868682906748391","",""
"a0E3g000000PNEcEAO","","Third Party Construction Monitoring Contract","2020-10-12T19:27:33.000Z","0053g000000ln7zAAA","2022-11-01T07:48:52.000Z","0053g000000ln7zAAA","","","a0K3g000001QHZcEAO","","","a0I3g000000ThxjEAC","","42902004161069307","",""
"a0E3g000000PNEdEAO","","Third Party Initial Project Review","2020-10-12T19:27:33.000Z","0053g000000ln7zAAA","2022-11-01T07:48:52.000Z","0053g000000ln7zAAA","","","a0K3g000001QHZcEAO","","","a0I3g000000ThxjEAC","","42864644276094790","",""
"a0E3g000000PNEeEAO","","Utility Letters","2020-10-12T19:27:33.000Z","0053g000000ln7zAAA","2022-11-01T07:48:52.000Z","0053g000000ln7zAAA","","","a0K3g000001QHZcEAO","","","a0I3g000000ThxjEAC","","42121370384091423","",""
"a0E3g000000PNEfEAO","","Worker's Comp (For Contractor)","2020-10-12T19:27:33.000Z","0053g000000ln7zAAA","2022-11-01T07:48:52.000Z","0053g000000ln7zAAA","","","a0K3g000001QHZcEAO","","","a0I3g000000ThxjEAC","","42397195982782181","",""
"a0E3g000000PNEgEAO","","Draft Loan Authorization","2020-10-12T19:27:33.000Z","0053g000000ln7zAAA","2022-11-01T07:48:52.000Z","0053g000000ln7zAAA","","","a0K3g000001QHZdEAO","","","a0I3g000000ThxjEAC","","42939663256800773","",""
"a0E3g000000PNEhEAO","","Seller's Financials","2020-10-12T19:27:33.000Z","0053g000000ln7zAAA","2022-11-01T07:48:52.000Z","0053g000000ln7zAAA","","","a0K3g000001QHZdEAO","","","a0I3g000000ThxjEAC","","42803135706618317","",""
"a0E3g000000PNEiEAO","","Historical Transcripts","2020-10-12T19:27:33.000Z","0053g000000ln7zAAA","2022-11-01T07:48:52.000Z","0053g000000ln7zAAA","","","a0K3g000001QHZdEAO","","","a0I3g000000ThxjEAC","","42937507731153478","",""
"a0E3g000000PNEjEAO","","CAIVRS","2020-10-12T19:27:33.000Z","0053g000000ln7zAAA","2022-11-01T07:48:52.000Z","0053g000000ln7zAAA","","","a0K3g000001QHZdEAO","","","a0I3g000000ThxjEAC","","42001093612555653","",""
"a0E3g000000PNEkEAO","","Purchase Agreement","2020-10-12T19:27:33.000Z","0053g000000ln7zAAA","2022-11-01T07:48:52.000Z","0053g000000ln7zAAA","","","a0K3g000001QHZeEAO","","","a0I3g000000ThxjEAC","","42530196950063476","",""
"a0E3g000000PNElEAO","","Loan Modification","2020-10-12T19:27:33.000Z","0053g000000ln7zAAA","2022-11-01T07:48:52.000Z","0053g000000ln7zAAA","","","a0K3g000001QHZfEAO","","","a0I3g000000ThxjEAC","","42453015207973415","",""
"a0E3g000000PNEmEAO","","Note Modification","2020-10-12T19:27:33.000Z","0053g000000ln7zAAA","2022-11-01T07:48:52.000Z","0053g000000ln7zAAA","","","a0K3g000001QHZfEAO","","","a0I3g000000ThxjEAC","","42186971119418963","",""
"a0E3g000000PNEnEAO","","Bill of Sale","2020-10-12T19:27:33.000Z","0053g000000ln7zAAA","2022-11-01T07:48:52.000Z","0053g000000ln7zAAA","","","a0K3g000001QHZgEAO","","","a0I3g000000ThxiEAC","","42533065761387456","",""
"a0E3g000000PNEoEAO","","Collateral Valuation","2020-10-12T19:27:33.000Z","0053g000000ln7zAAA","2022-11-01T07:48:52.000Z","0053g000000ln7zAAA","","","a0K3g000001QHZgEAO","","","a0I3g000000ThxiEAC","","42560170669729987","",""
"a0E3g000000PNEpEAO","","Insurance Information","2020-10-12T19:27:33.000Z","0053g000000ln7zAAA","2022-11-01T07:48:52.000Z","0053g000000ln7zAAA","","","a0K3g000001QHZgEAO","","","a0I3g000000ThxiEAC","","42317008514442134","",""
"a0E3g000000PNEqEAO","","Power of Attorney","2020-10-12T19:27:33.000Z","0053g000000ln7zAAA","2022-11-01T07:48:52.000Z","0053g000000ln7zAAA","","","a0K3g000001QHZgEAO","","","a0I3g000000ThxiEAC","","42894917630075479","",""
"a0E3g000000PNErEAO","","Property Tax Information","2020-10-12T19:27:33.000Z","0053g000000ln7zAAA","2022-11-01T07:48:52.000Z","0053g000000ln7zAAA","","","a0K3g000001QHZgEAO","","","a0I3g000000ThxiEAC","","42713356681062761","",""
"a0E3g000000PNEsEAO","","Agreement to Provide Insurance","2020-10-12T19:27:33.000Z","0053g000000ln7zAAA","2022-11-01T07:48:52.000Z","0053g000000ln7zAAA","","","a0K3g000001QHZgEAO","","","a0I3g000000ThxiEAC","","42763688306271334","",""
"a0E3g000000PNEtEAO","","UCC Financing Statement","2020-10-12T19:27:33.000Z","0053g000000ln7zAAA","2022-11-01T07:48:52.000Z","0053g000000ln7zAAA","","","a0K3g000001QHZgEAO","","","a0I3g000000ThxiEAC","","42967519529962739","",""
"a0E3g000000PNEuEAO","","Business Assets Financing Addendum","2020-10-12T19:27:33.000Z","0053g000000ln7zAAA","2022-11-01T07:48:52.000Z","0053g000000ln7zAAA","","","a0K3g000001QHZgEAO","","","a0I3g000000ThxiEAC","","42536630535113786","",""
"a0E3g000000PNEvEAO","","Business Assets Lien Verification","2020-10-12T19:27:33.000Z","0053g000000ln7zAAA","2022-11-01T07:48:52.000Z","0053g000000ln7zAAA","","","a0K3g000001QHZgEAO","","","a0I3g000000ThxiEAC","","42016081624694624","",""
"a0E3g000000PNEwEAO","","Assignment of Deposit Account","2020-10-12T19:27:33.000Z","0053g000000ln7zAAA","2022-11-01T07:48:52.000Z","0053g000000ln7zAAA","","","a0K3g000001QHZgEAO","","","a0I3g000000ThxiEAC","","42970149261294646","",""
"a0E3g000000PNExEAO","","Deposit Statement","2020-10-12T19:27:33.000Z","0053g000000ln7zAAA","2022-11-01T07:48:52.000Z","0053g000000ln7zAAA","","","a0K3g000001QHZgEAO","","","a0I3g000000ThxiEAC","","42651242919212018","",""
"a0E3g000000PNEyEAO","","Collateral Receipt","2020-10-12T19:27:33.000Z","0053g000000ln7zAAA","2022-11-01T07:48:52.000Z","0053g000000ln7zAAA","","","a0K3g000001QHZgEAO","","","a0I3g000000ThxiEAC","","42321149720489881","",""
"a0E3g000000PNEzEAO","","Assignment of Death Benefit","2020-10-12T19:27:33.000Z","0053g000000ln7zAAA","2022-11-01T07:48:52.000Z","0053g000000ln7zAAA","","","a0K3g000001QHZgEAO","","","a0I3g000000ThxiEAC","","42772825200076978","",""
"a0E3g000000PNF0EAO","","Insurance Statement","2020-10-12T19:27:33.000Z","0053g000000ln7zAAA","2022-11-01T07:48:52.000Z","0053g000000ln7zAAA","","","a0K3g000001QHZgEAO","","","a0I3g000000ThxiEAC","","42928530595268047","",""
"a0E3g000000PNF1EAO","","Collateral Receipt","2020-10-12T19:27:33.000Z","0053g000000ln7zAAA","2022-11-01T07:48:52.000Z","0053g000000ln7zAAA","","","a0K3g000001QHZgEAO","","","a0I3g000000ThxiEAC","","42103749187407559","",""
"a0E3g000000PNF2EAO","","Assignment of Note","2020-10-12T19:27:33.000Z","0053g000000ln7zAAA","2022-11-01T07:48:52.000Z","0053g000000ln7zAAA","","","a0K3g000001QHZgEAO","","","a0I3g000000ThxiEAC","","42150557757022969","",""
"a0E3g000000PNF3EAO","","Copy of Instrument","2020-10-12T19:27:33.000Z","0053g000000ln7zAAA","2022-11-01T07:48:52.000Z","0053g000000ln7zAAA","","","a0K3g000001QHZgEAO","","","a0I3g000000ThxiEAC","","42517205382294024","",""
"a0E3g000000PNF4EAO","","Irrevocable Stock/Bond Power","2020-10-12T19:27:33.000Z","0053g000000ln7zAAA","2022-11-01T07:48:52.000Z","0053g000000ln7zAAA","","","a0K3g000001QHZgEAO","","","a0I3g000000ThxiEAC","","42230249440297385","",""
"a0E3g000000PNF5EAO","","Pledge Agreement","2020-10-12T19:27:33.000Z","0053g000000ln7zAAA","2022-11-01T07:48:52.000Z","0053g000000ln7zAAA","","","a0K3g000001QHZgEAO","","","a0I3g000000ThxiEAC","","42135399907561743","",""
"a0E3g000000PNF6EAO","","Reg U Form for Margin Stock","2020-10-12T19:27:33.000Z","0053g000000ln7zAAA","2022-11-01T07:48:52.000Z","0053g000000ln7zAAA","","","a0K3g000001QHZgEAO","","","a0I3g000000ThxiEAC","","42798089572932981","",""
"a0E3g000000PNF7EAO","","Stock Certificate/UCC Financing Statement","2020-10-12T19:27:33.000Z","0053g000000ln7zAAA","2022-11-01T07:48:52.000Z","0053g000000ln7zAAA","","","a0K3g000001QHZgEAO","","","a0I3g000000ThxiEAC","","42596349139730082","",""
"a0E3g000000PNF8EAO","","Assignment of Rents and Leases","2020-10-12T19:27:33.000Z","0053g000000ln7zAAA","2022-11-01T07:48:52.000Z","0053g000000ln7zAAA","","","a0K3g000001QHZgEAO","","","a0I3g000000ThxiEAC","","42678006435936266","",""
"a0E3g000000PNF9EAO","","Collateral Valuation","2020-10-12T19:27:33.000Z","0053g000000ln7zAAA","2022-11-01T07:48:52.000Z","0053g000000ln7zAAA","","","a0K3g000001QHZgEAO","","","a0I3g000000ThxiEAC","","42026923534032464","",""
"a0E3g000000PNFAEA4","","Collateral Valuation Request","2020-10-12T19:27:33.000Z","0053g000000ln7zAAA","2022-11-01T07:48:52.000Z","0053g000000ln7zAAA","","","a0K3g000001QHZgEAO","","","a0I3g000000ThxiEAC","","42100711572449209","",""
"a0E3g000000PNFBEA4","","Collateral Valuation Review","2020-10-12T19:27:33.000Z","0053g000000ln7zAAA","2022-11-01T07:48:52.000Z","0053g000000ln7zAAA","","","a0K3g000001QHZgEAO","","","a0I3g000000ThxiEAC","","42988562767393661","",""
"a0E3g000000PNFCEA4","","Deed Modification","2020-10-12T19:27:33.000Z","0053g000000ln7zAAA","2022-11-01T07:48:52.000Z","0053g000000ln7zAAA","","","a0K3g000001QHZgEAO","","","a0I3g000000ThxiEAC","","42473114588336724","",""
"a0E3g000000PNFDEA4","","Deed to Secure Debt","2020-10-12T19:27:33.000Z","0053g000000ln7zAAA","2022-11-01T07:48:52.000Z","0053g000000ln7zAAA","","","a0K3g000001QHZgEAO","","","a0I3g000000ThxiEAC","","42992742853612111","",""
"a0E3g000000PNFEEA4","","Environmental Assessment","2020-10-12T19:27:33.000Z","0053g000000ln7zAAA","2022-11-01T07:48:52.000Z","0053g000000ln7zAAA","","","a0K3g000001QHZgEAO","","","a0I3g000000ThxiEAC","","42530520639799382","",""
"a0E3g000000PNFFEA4","","Environmental Questionnaire","2020-10-12T19:27:33.000Z","0053g000000ln7zAAA","2022-11-01T07:48:52.000Z","0053g000000ln7zAAA","","","a0K3g000001QHZgEAO","","","a0I3g000000ThxiEAC","","423605631317889","",""
"a0E3g000000PNFGEA4","","Insurance Information","2020-10-12T19:27:33.000Z","0053g000000ln7zAAA","2022-11-01T07:48:52.000Z","0053g000000ln7zAAA","","","a0K3g000001QHZgEAO","","","a0I3g000000ThxiEAC","","42243714779777255","",""
"a0E3g000000PNFHEA4","","Lease Agreements","2020-10-12T19:27:33.000Z","0053g000000ln7zAAA","2022-11-01T07:48:52.000Z","0053g000000ln7zAAA","","","a0K3g000001QHZgEAO","","","a0I3g000000ThxiEAC","","42743825324005831","",""
"a0E3g000000PNFIEA4","","Legal Description","2020-10-12T19:27:33.000Z","0053g000000ln7zAAA","2022-11-01T07:48:52.000Z","0053g000000ln7zAAA","","","a0K3g000001QHZgEAO","","","a0I3g000000ThxiEAC","","42767333153383967","",""
"a0E3g000000PNFJEA4","","Photos","2020-10-12T19:27:33.000Z","0053g000000ln7zAAA","2022-11-01T07:48:52.000Z","0053g000000ln7zAAA","","","a0K3g000001QHZgEAO","","","a0I3g000000ThxiEAC","","42064277842951494","",""
"a0E3g000000PNFKEA4","","Plat/Survey","2020-10-12T19:27:33.000Z","0053g000000ln7zAAA","2022-11-01T07:48:52.000Z","0053g000000ln7zAAA","","","a0K3g000001QHZgEAO","","","a0I3g000000ThxiEAC","","42598642265138185","",""
"a0E3g000000PNFLEA4","","Property Tax Information","2020-10-12T19:27:33.000Z","0053g000000ln7zAAA","2022-11-01T07:48:52.000Z","0053g000000ln7zAAA","","","a0K3g000001QHZgEAO","","","a0I3g000000ThxiEAC","","42572493905876518","",""
"a0E3g000000PNFMEA4","","Sales Contract","2020-10-12T19:27:33.000Z","0053g000000ln7zAAA","2022-11-01T07:48:52.000Z","0053g000000ln7zAAA","","","a0K3g000001QHZgEAO","","","a0I3g000000ThxiEAC","","42475532846630837","",""
"a0E3g000000PNFNEA4","","Title Work - Final","2020-10-12T19:27:33.000Z","0053g000000ln7zAAA","2022-11-01T07:48:52.000Z","0053g000000ln7zAAA","","","a0K3g000001QHZgEAO","","","a0I3g000000ThxiEAC","","42460153992764965","",""
"a0E3g000000PNFOEA4","","Title Work - Preliminary","2020-10-12T19:27:33.000Z","0053g000000ln7zAAA","2022-11-01T07:48:52.000Z","0053g000000ln7zAAA","","","a0K3g000001QHZgEAO","","","a0I3g000000ThxiEAC","","42381740088130462","",""
"a0E3g000000PNFPEA4","","Agreement to Assign Insurance","2020-10-12T19:27:33.000Z","0053g000000ln7zAAA","2022-11-01T07:48:52.000Z","0053g000000ln7zAAA","","","a0K3g000001QHZgEAO","","","a0I3g000000ThxiEAC","","42028736272383254","",""
"a0E3g000000PNFQEA4","","FAA Form ""x""","2020-10-12T19:27:33.000Z","0053g000000ln7zAAA","2022-11-01T07:48:52.000Z","0053g000000ln7zAAA","","","a0K3g000001QHZgEAO","","","a0I3g000000ThxiEAC","","42476006669305838","",""
"a0E3g000000PNFREA4","","FAA Form ""y""","2020-10-12T19:27:33.000Z","0053g000000ln7zAAA","2022-11-01T07:48:52.000Z","0053g000000ln7zAAA","","","a0K3g000001QHZgEAO","","","a0I3g000000ThxiEAC","","42520739127680048","",""
"a0E3g000000PNFSEA4","","Vessel Survey","2020-10-12T19:27:33.000Z","0053g000000ln7zAAA","2022-11-01T07:48:52.000Z","0053g000000ln7zAAA","","","a0K3g000001QHZgEAO","","","a0I3g000000ThxiEAC","","42591940218323167","",""
"a0E3g000000PNFTEA4","","State Vessel Registration Application","2020-10-12T19:27:33.000Z","0053g000000ln7zAAA","2022-11-01T07:48:52.000Z","0053g000000ln7zAAA","","","a0K3g000001QHZgEAO","","","a0I3g000000ThxiEAC","","42311670808346937","",""
"a0E3g000000PNFUEA4","","Federal Vessel Registration Application","2020-10-12T19:27:33.000Z","0053g000000ln7zAAA","2022-11-01T07:48:52.000Z","0053g000000ln7zAAA","","","a0K3g000001QHZgEAO","","","a0I3g000000ThxiEAC","","42060197909558633","",""
"a0E3g000000PNFVEA4","","MV-16 Affidavit to Certify Family Relationship","2020-10-12T19:27:33.000Z","0053g000000ln7zAAA","2022-11-01T07:48:52.000Z","0053g000000ln7zAAA","","","a0K3g000001QHZgEAO","","","a0I3g000000ThxiEAC","","42436805175925520","",""
"a0E3g000000PNFWEA4","","Power of Attorney","2020-10-12T19:27:33.000Z","0053g000000ln7zAAA","2022-11-01T07:48:52.000Z","0053g000000ln7zAAA","","","a0K3g000001QHZgEAO","","","a0I3g000000ThxiEAC","","42081087388704531","",""
"a0E3g000000PNFXEA4","","Property Tax Information","2020-10-12T19:27:33.000Z","0053g000000ln7zAAA","2022-11-01T07:48:52.000Z","0053g000000ln7zAAA","","","a0K3g000001QHZgEAO","","","a0I3g000000ThxiEAC","","42606994443177382","",""
"a0E3g000000PNFYEA4","","Title","2020-10-12T19:27:33.000Z","0053g000000ln7zAAA","2022-11-01T07:48:52.000Z","0053g000000ln7zAAA","","","a0K3g000001QHZgEAO","","","a0I3g000000ThxiEAC","","42707908840994253","",""
"a0E3g000000PNFZEA4","","Title Application","2020-10-12T19:27:33.000Z","0053g000000ln7zAAA","2022-11-01T07:48:52.000Z","0053g000000ln7zAAA","","","a0K3g000001QHZgEAO","","","a0I3g000000ThxiEAC","","42077797738408523","",""
"a0E3g000000PNFaEAO","","Insurance Loss Payee Assignment","2020-10-12T19:27:33.000Z","0053g000000ln7zAAA","2022-11-01T07:48:52.000Z","0053g000000ln7zAAA","","","a0K3g000001QHZgEAO","","","a0I3g000000ThxiEAC","","42567791868939056","",""
"a0E3g000000PNFbEAO","","ASC360","2020-10-12T19:27:33.000Z","0053g000000ln7zAAA","2022-11-01T07:48:52.000Z","0053g000000ln7zAAA","","","a0K3g000001QHZhEAO","","","a0I3g000000ThxiEAC","","42061357283664968","",""
"a0E3g000000PNFcEAO","","Affidavit","2020-10-12T19:27:33.000Z","0053g000000ln7zAAA","2022-11-01T07:48:52.000Z","0053g000000ln7zAAA","","","a0K3g000001QHZhEAO","","","a0I3g000000ThxiEAC","","42307799420650922","",""
"a0E3g000000PNFdEAO","","Contract","2020-10-12T19:27:33.000Z","0053g000000ln7zAAA","2022-11-01T07:48:52.000Z","0053g000000ln7zAAA","","","a0K3g000001QHZhEAO","","","a0I3g000000ThxiEAC","","42754304999581528","",""
"a0E3g000000PNFeEAO","","Deed Under Power/Deed In Lieu","2020-10-12T19:27:33.000Z","0053g000000ln7zAAA","2022-11-01T07:48:52.000Z","0053g000000ln7zAAA","","","a0K3g000001QHZhEAO","","","a0I3g000000ThxiEAC","","42947274815425572","",""
"a0E3g000000PNFfEAO","","Insurance","2020-10-12T19:27:33.000Z","0053g000000ln7zAAA","2022-11-01T07:48:52.000Z","0053g000000ln7zAAA","","","a0K3g000001QHZhEAO","","","a0I3g000000ThxiEAC","","42140077302048479","",""
"a0E3g000000PNFgEAO","","Invoice","2020-10-12T19:27:33.000Z","0053g000000ln7zAAA","2022-11-01T07:48:52.000Z","0053g000000ln7zAAA","","","a0K3g000001QHZhEAO","","","a0I3g000000ThxiEAC","","42245619172049377","",""
"a0E3g000000PNFhEAO","","Listing Agreement","2020-10-12T19:27:33.000Z","0053g000000ln7zAAA","2022-11-01T07:48:52.000Z","0053g000000ln7zAAA","","","a0K3g000001QHZhEAO","","","a0I3g000000ThxiEAC","","42764938645700256","",""
"a0E3g000000PNFiEAO","","Miscellaneous","2020-10-12T19:27:33.000Z","0053g000000ln7zAAA","2022-11-01T07:48:52.000Z","0053g000000ln7zAAA","","","a0K3g000001QHZhEAO","","","a0I3g000000ThxiEAC","","42512409606547398","",""
"a0E3g000000PNFjEAO","","Offers","2020-10-12T19:27:33.000Z","0053g000000ln7zAAA","2022-11-01T07:48:52.000Z","0053g000000ln7zAAA","","","a0K3g000001QHZhEAO","","","a0I3g000000ThxiEAC","","42003077378828787","",""
"a0E3g000000PNFkEAO","","ORE Worksheet","2020-10-12T19:27:33.000Z","0053g000000ln7zAAA","2022-11-01T07:48:52.000Z","0053g000000ln7zAAA","","","a0K3g000001QHZhEAO","","","a0I3g000000ThxiEAC","","42695887700149176","",""
"a0E3g000000PNFlEAO","","Pictures","2020-10-12T19:27:33.000Z","0053g000000ln7zAAA","2022-11-01T07:48:52.000Z","0053g000000ln7zAAA","","","a0K3g000001QHZhEAO","","","a0I3g000000ThxiEAC","","42119938381649396","",""
"a0E3g000000PNFmEAO","","Sale","2020-10-12T19:27:33.000Z","0053g000000ln7zAAA","2022-11-01T07:48:52.000Z","0053g000000ln7zAAA","","","a0K3g000001QHZhEAO","","","a0I3g000000ThxiEAC","","42366618677146075","",""
"a0E3g000000PNFnEAO","","UCC Search","2020-10-12T19:27:33.000Z","0053g000000ln7zAAA","2022-11-01T07:48:52.000Z","0053g000000ln7zAAA","","","a0K3g000001QHZgEAO","","","a0I3g000000ThxiEAC","","42648518787105595","",""
"a0E3g000000PNFoEAO","","UCC Financing Statement","2020-10-12T19:27:33.000Z","0053g000000ln7zAAA","2022-11-01T07:48:52.000Z","0053g000000ln7zAAA","","","a0K3g000001QHZgEAO","","","a0I3g000000ThxiEAC","","42140038133040453","",""
"a0E3g000000PNFpEAO","","Agreement to Provide Insurance","2020-10-12T19:27:33.000Z","0053g000000ln7zAAA","2022-11-01T07:48:52.000Z","0053g000000ln7zAAA","","","a0K3g000001QHZgEAO","","","a0I3g000000ThxiEAC","","42483253130563834","",""
"a0E3g000000PNFqEAO","","Property Tax Information","2020-10-12T19:27:33.000Z","0053g000000ln7zAAA","2022-11-01T07:48:52.000Z","0053g000000ln7zAAA","","","a0K3g000001QHZgEAO","","","a0I3g000000ThxiEAC","","42094033776137941","",""
"a0E3g000000PNFrEAO","","Property Tax Information","2020-10-12T19:27:33.000Z","0053g000000ln7zAAA","2022-11-01T07:48:52.000Z","0053g000000ln7zAAA","","","a0K3g000001QHZgEAO","","","a0I3g000000ThxiEAC","","42387643062011940","",""
"a0E3g000000PNFsEAO","","Property Tax Information","2020-10-12T19:27:33.000Z","0053g000000ln7zAAA","2022-11-01T07:48:52.000Z","0053g000000ln7zAAA","","","a0K3g000001QHZgEAO","","","a0I3g000000ThxiEAC","","42312531374607471","",""
"a0E3g000000PNFtEAO","","Vessel Survey","2020-10-12T19:27:33.000Z","0053g000000ln7zAAA","2022-11-01T07:48:52.000Z","0053g000000ln7zAAA","","","a0K3g000001QHZgEAO","","","a0I3g000000ThxiEAC","","42376460209682260","",""
"a0E3g000000PNFuEAO","","State Vessel Registration Application","2020-10-12T19:27:33.000Z","0053g000000ln7zAAA","2022-11-01T07:48:52.000Z","0053g000000ln7zAAA","","","a0K3g000001QHZgEAO","","","a0I3g000000ThxiEAC","","42936283929185256","",""
"a0E3g000000PNFvEAO","","Federal Vessel Registration Application","2020-10-12T19:27:33.000Z","0053g000000ln7zAAA","2022-11-01T07:48:52.000Z","0053g000000ln7zAAA","","","a0K3g000001QHZgEAO","","","a0I3g000000ThxiEAC","","42775338017798261","",""
"a0E3g000000PNFwEAO","","Property Tax Information","2020-10-12T19:27:33.000Z","0053g000000ln7zAAA","2022-11-01T07:48:52.000Z","0053g000000ln7zAAA","","","a0K3g000001QHZgEAO","","","a0I3g000000ThxiEAC","","42285655197683790","",""
"a0E3g000000PNFxEAO","","General Liability Insurance","2020-10-12T19:27:33.000Z","0053g000000ln7zAAA","2022-11-01T07:48:52.000Z","0053g000000ln7zAAA","","","a0K3g000001QHZEEA4","","","a0I3g000000ThxeEAC","","42009508975142651","","a0E3g000000PNFxEAO"
"a0E3g000000PNFyEAO","","FAA Form 8050-2","2020-10-12T19:27:33.000Z","0053g000000ln7zAAA","2022-11-01T07:48:52.000Z","0053g000000ln7zAAA","","","a0K3g000001QHZgEAO","","","a0I3g000000ThxiEAC","","42743748709280880","",""
"a0E3g000000PNFzEAO","","FAA Form 8050-1, Aircraft Registration Application","2020-10-12T19:27:33.000Z","0053g000000ln7zAAA","2022-11-01T07:48:52.000Z","0053g000000ln7zAAA","","","a0K3g000001QHZgEAO","","","a0I3g000000ThxiEAC","","42487898195433579","",""
"a0E3g000000PNG0EAO","","Release, FAA Form 8050-41","2020-10-12T19:27:33.000Z","0053g000000ln7zAAA","2022-11-01T07:48:52.000Z","0053g000000ln7zAAA","","","a0K3g000001QHZgEAO","","","a0I3g000000ThxiEAC","","42650520599872300","",""
"a0E3g000000PNG1EAO","","Aircraft Title Search","2020-10-12T19:27:33.000Z","0053g000000ln7zAAA","2022-11-01T07:48:52.000Z","0053g000000ln7zAAA","","","a0K3g000001QHZgEAO","","","a0I3g000000ThxiEAC","","42583239723169106","",""
"a0E3g000000PNG2EAO","","Employee Loan Disclosure","2020-10-12T19:27:33.000Z","0053g000000ln7zAAA","2022-11-01T07:48:52.000Z","0053g000000ln7zAAA","","","a0K3g000001QHZiEAO","","","a0I3g000000ThxjEAC","","42906292285514096","",""
"a0E3g000000PNG3EAO","","Reg O Loan Disclosure","2020-10-12T19:27:33.000Z","0053g000000ln7zAAA","2022-11-01T07:48:52.000Z","0053g000000ln7zAAA","","","a0K3g000001QHZiEAO","","","a0I3g000000ThxjEAC","","42197333229687351","",""
"a0E3g000000PNGCEA4","","Vendor Agreement","2020-10-12T19:27:33.000Z","0053g000000ln7zAAA","2022-11-01T07:48:52.000Z","0053g000000ln7zAAA","","","a0K3g000001QHZjEAO","","","a0I3g000000ThxeEAC","","42034623276489069","","a0E3g000000PNGCEA4"
"a0E3g000000PNGDEA4","","Executed W-9","2020-10-12T19:27:33.000Z","0053g000000ln7zAAA","2022-11-01T07:48:52.000Z","0053g000000ln7zAAA","","","a0K3g000001QHZjEAO","","","a0I3g000000ThxeEAC","","42762995813524034","","a0E3g000000PNGDEA4"
"a0E3g000000PNGEEA4","","Renewal Agreement","2020-10-12T19:27:33.000Z","0053g000000ln7zAAA","2022-11-01T07:48:52.000Z","0053g000000ln7zAAA","","","a0K3g000001QHZkEAO","","","a0I3g000000ThxjEAC","","42982656245230793","",""
"a0E3g000000PNGFEA4","","Renewal Authorization","2020-10-12T19:27:33.000Z","0053g000000ln7zAAA","2022-11-01T07:48:52.000Z","0053g000000ln7zAAA","","","a0K3g000001QHZkEAO","","","a0I3g000000ThxjEAC","","42284296051645896","",""
"a0E3g000000PNGGEA4","","Personal Tax Return","2020-10-12T19:27:33.000Z","0053g000000ln7zAAA","2022-11-01T07:48:52.000Z","0053g000000ln7zAAA","","","a0K3g000001QHZMEA4","","","a0I3g000000ThxeEAC","","42175102684954146","","a0E3g000000PNGGEA4"
"a0E3g000000PNGHEA4","","Personal Tax Return","2020-10-12T19:27:33.000Z","0053g000000ln7zAAA","2022-11-01T07:48:52.000Z","0053g000000ln7zAAA","","","a0K3g000001QHZMEA4","","","a0I3g000000ThxeEAC","","42438558371626476","","a0E3g000000PNGHEA4"
"a0E3g000000PNGIEA4","","Personal Financial Statement","2020-10-12T19:27:33.000Z","0053g000000ln7zAAA","2022-11-01T07:48:52.000Z","0053g000000ln7zAAA","","","a0K3g000001QHZMEA4","","","a0I3g000000ThxeEAC","","42244445522985526","","a0E3g000000PNGIEA4"
"a0E3g000000PNGJEA4","","Business Tax Return","2020-10-12T19:27:33.000Z","0053g000000ln7zAAA","2022-11-01T07:48:52.000Z","0053g000000ln7zAAA","","","a0K3g000001QHZCEA4","","","a0I3g000000ThxeEAC","","42338594774665366","","a0E3g000000PNGJEA4"
"a0E3g000000PNGKEA4","","Business Tax Return","2020-10-12T19:27:33.000Z","0053g000000ln7zAAA","2022-11-01T07:48:52.000Z","0053g000000ln7zAAA","","","a0K3g000001QHZCEA4","","","a0I3g000000ThxeEAC","","42412694913082278","","a0E3g000000PNGKEA4"
"a0E3g000000PNGLEA4","","Business Tax Return","2020-10-12T19:27:33.000Z","0053g000000ln7zAAA","2022-11-01T07:48:52.000Z","0053g000000ln7zAAA","","","a0K3g000001QHZCEA4","","","a0I3g000000ThxeEAC","","42746209715445110","","a0E3g000000PNGLEA4"
"a0E3g000000PNGMEA4","","Business Financial Statement","2020-10-12T19:27:33.000Z","0053g000000ln7zAAA","2022-11-01T07:48:52.000Z","0053g000000ln7zAAA","","","a0K3g000001QHZCEA4","","","a0I3g000000ThxeEAC","","42574417515581864","","a0E3g000000PNGMEA4"
"a0E3g000000PNGNEA4","","Business Tax Return","2020-10-12T19:27:33.000Z","0053g000000ln7zAAA","2022-11-01T07:48:52.000Z","0053g000000ln7zAAA","","","a0K3g000001QHZCEA4","","","a0I3g000000ThxeEAC","","42069163727890608","","a0E3g000000PNGNEA4"
"a0E3g000000PNGOEA4","","Business Tax Return","2020-10-12T19:27:33.000Z","0053g000000ln7zAAA","2022-11-01T07:48:52.000Z","0053g000000ln7zAAA","","","a0K3g000001QHZCEA4","","","a0I3g000000ThxeEAC","","42222171900537221","","a0E3g000000PNGOEA4"
"a0E3g000000PNGPEA4","","Business Tax Return","2020-10-12T19:27:33.000Z","0053g000000ln7zAAA","2022-11-01T07:48:52.000Z","0053g000000ln7zAAA","","","a0K3g000001QHZCEA4","","","a0I3g000000ThxeEAC","","42214475352460483","","a0E3g000000PNGPEA4"
"a0E3g000000PNGQEA4","","Business Financial Statement","2020-10-12T19:27:33.000Z","0053g000000ln7zAAA","2022-11-01T07:48:52.000Z","0053g000000ln7zAAA","","","a0K3g000001QHZCEA4","","","a0I3g000000ThxeEAC","","42295380882396953","","a0E3g000000PNGQEA4"
"a0E3g000000PNGREA4","","SBA Form 1919","2020-10-12T19:27:33.000Z","0053g000000ln7zAAA","2022-11-01T07:48:52.000Z","0053g000000ln7zAAA","","","a0K3g000001QHZdEAO","","","a0I3g000000ThxjEAC","","42319452163950312","",""
"a0E3g000000PNGSEA4","","SBA Form 159","2020-10-12T19:27:33.000Z","0053g000000ln7zAAA","2022-11-01T07:48:52.000Z","0053g000000ln7zAAA","","","a0K3g000001QHZdEAO","","","a0I3g000000ThxjEAC","","42820707764881553","",""
"a0E3g000000PNGTEA4","","4506-T  Borrower","2020-10-12T19:27:33.000Z","0053g000000ln7zAAA","2022-11-01T07:48:52.000Z","0053g000000ln7zAAA","","","a0K3g000001QHZdEAO","","","a0I3g000000ThxjEAC","","42477972042758259","",""
"a0E3g000000PNGUEA4","","4506-T  Guarantor","2020-10-12T19:27:33.000Z","0053g000000ln7zAAA","2022-11-01T07:48:52.000Z","0053g000000ln7zAAA","","","a0K3g000001QHZdEAO","","","a0I3g000000ThxjEAC","","42421579618093582","",""
"a0E3g000000PNGVEA4","","Business Tax Return","2020-10-12T19:27:33.000Z","0053g000000ln7zAAA","2022-11-01T07:48:52.000Z","0053g000000ln7zAAA","","","a0K3g000001QHZqEAO","","","a0I3g000000ThxjEAC","","jz50nl8d1m0doewoq4","",""
"a0E3g000000PNGWEA4","","Inspection Report","2020-10-12T19:27:33.000Z","0053g000000ln7zAAA","2022-11-01T07:48:52.000Z","0053g000000ln7zAAA","","","a0K3g000001QHaKEAW","","","a0I3g000000ThxjEAC","","2011mmmx3085vysxva","",""
